id,sha,author_id,committer_id,project_id,created_at
1,019d0e7872c67fdc6996488e2aa6b64a03c87b9b,1,1,1,8/1/12 20:33
2,397238b49c88d1d8e6c1efb94a51e9d0cdb16475,2,2,1,8/1/12 13:25
3,55bf5367875ec9e81a0ab62cfffb66f4335a064e,2,2,1,6/18/12 3:39
4,9d653ea84c6df1b903a354dfcf0f4720359498d8,2,2,1,6/11/12 7:47
5,fd00ce155f1a9842d28212b44be142a67d38a434,2,2,1,6/11/12 7:45
6,641b94c68ecd63478b2458314710d89a7c99dff2,2,2,1,5/7/12 6:00
7,3f7d2c8f8dd589222d5966bdbdfec142e78e1b2e,2,2,1,3/8/12 4:47
8,8adee7b7a7d6346303443b20684eb65f1d82e6d4,2,2,1,3/8/12 4:40
9,ecb30132a2d978a70655d226b0abf842153e41c3,2,2,1,3/8/12 4:40
10,c1d057e040786c909c95fee8d57496a74f0ba48e,2,2,1,3/8/12 4:24
11,eefadec57441a172d3e1a4eb9339e05a7e7dd8a8,2,2,1,3/7/12 22:06
12,92c2802570f553f496b384b3c51a3ae576e5c74c,2,2,1,2/18/12 2:11
13,3d4dcd08e1e14c62e098eed617a728ff38867bac,2,2,1,2/18/12 2:09
14,6829cd56d776b7926dbc71ccaf1c8c90bef505bc,2,2,1,2/13/12 18:43
15,b8bf2fdbd482f3c8e8bad5aa5950fa52dd638cdf,2,2,1,1/17/12 2:39
16,94c52c310f8850503a042b2e5f36e77628702f21,2,2,1,1/17/12 0:03
17,55e5630f630dd93f996f8d4eb9b2d34a9d288242,2,2,1,1/16/12 12:07
18,f060b5c9f596c0feae8eb6af47a015f1d36ff850,2,2,1,1/16/12 12:02
19,bcfb0beee5704c32d4f250fbe898513732d5e677,2,2,1,1/16/12 11:56
20,8c8f85cbbc367f69bdd0bd278a4321dc6d3c09ee,2,2,1,1/4/12 10:18
21,def4122b4ec68c1aac1f7a7d5cb681e6245bd99b,2,2,1,1/4/12 10:53
22,9f1d32880445d210420d47c3ff5cedf16c7f0b28,2,2,1,12/19/11 3:08
23,e5aaa2ab600e031d9a4ab5eb989ba60e19375bf0,3,3,1,12/15/11 17:25
24,4d886554f59ac2fc9e541bffa4bf38ee1018eeb1,2,2,1,12/12/11 22:15
25,09a429e5f14974d0554322f256277e8042f38c86,2,2,1,12/12/11 22:13
26,95d7bd34142c8bd2a8da4f543bd8ba1e39e2c3aa,2,2,1,12/12/11 10:39
27,af36afad7124309d849d7da03984f1f3f760370a,3,3,1,12/12/11 18:07
28,191817aa92715b40b377ce0c28293382a6c47efd,2,2,2,9/30/11 8:38
29,66955aabf3e3d0180d12b52caa3208babe63e075,2,2,2,9/29/11 6:23
30,ca53c67248b86bf6fcdafb512e1935992423d575,2,2,1,9/22/11 9:11
31,9ca57a9ae32e84b64a8de2a28595fc2a041a8349,2,2,2,6/22/11 5:23
32,bfada7c4d8bc703123d02a02ab939b668ba74e32,2,2,2,6/20/11 12:39
33,597a55f34c5dcb499b20cbdc9d01de4e77a54dbf,2,2,2,6/20/11 9:45
34,c544a7cdd98f67a8420e4d6e271498145c59a9cd,2,2,1,6/20/11 8:55
35,530536dbfc79c44119fea9d21a3323147ba22b44,2,2,1,6/20/11 2:53
36,7ddbc74c1b8d9902351061297c95d5a6f0b7f4e3,2,2,1,6/20/11 0:02
37,f87358b0ada1db7e9fd62378a7c8e0986743a255,2,2,2,6/19/11 15:26
38,7303af6ec71a1b08c65b9f0fc0e0e5b884ac4780,2,2,2,6/19/11 14:33
39,4551f51cf2028aa113dcbccbde64a084257aa78e,2,2,1,6/19/11 9:24
40,7d95f0f62975af97918ae3051e2b571e6845b587,2,2,1,6/19/11 9:13
41,355af0dbf10862ac625ecbf6b783637bdf8e6a29,2,2,1,6/19/11 7:11
42,92dfdcc3f2dcb2dcb38014a3d54fd0b433d4dbf0,2,2,1,6/19/11 7:03
43,cf057eff6ea2357bc2b942f2ed26776c1b3b06af,2,2,1,6/19/11 4:18
44,54e13a40744f6f84b43f5d1af58b03f15a2aaa10,2,2,1,6/19/11 2:56
45,8f512cb586a542920748c8c99451a57663883226,2,2,1,6/19/11 2:45
46,67541385d6634b844ea4a432afe7113a25afd66b,2,2,2,6/19/11 2:12
47,866431f4b960bd2e45d9a945ba9f9d81acfe11b1,2,2,2,6/19/11 2:01
48,e1d2a96e53a6050f37957878e74bc5d2ff8d9431,2,2,2,6/18/11 1:40
49,7435d1fed54e2ce8615db4edceb13912ccf62058,2,2,1,6/18/11 1:30
50,6b309341df1e3557bd1807e05d0a1804dea1e995,1,1,1,6/14/11 8:23
51,3a8cedfe0a2de66d5137e41da6d4a9f1ba448a6e,2,2,1,6/9/11 1:03
52,31f2a76e20ba429451f5396c16dabf7997123cb9,2,2,2,6/7/11 4:31
53,a4bebcd3cbca2f639b158a301c6b7bb1a023aabb,2,2,2,5/9/11 9:22
54,dcea070b53092411b3cbf194c1114e6ca2428fb0,1,1,2,4/14/11 7:05
55,266a662eaa9d0174d4efe5d61af55af655100063,1,1,1,4/14/11 7:02
56,e390f6ed06f9a558f8efc64ffcad425a99a44ac4,1,1,1,4/14/11 7:00
57,ce4a2b166e2fe9cd9745d61e45b94f110d2ac247,2,2,1,4/6/11 22:39
58,943f9425b2af2b5db211b2206390b438d0d93ebb,5,5,1,4/11/11 10:10
59,dd67a90b9c4d335a1a0e5643c221582a79a2a853,5,5,2,4/7/11 13:01
60,8779927cc3c8b1c4c867e97f9f535789306ccb25,5,5,2,4/7/11 12:39
61,99ea89760c56a596d68095ac15c609640d59aa24,5,5,2,4/7/11 12:31
62,00d14e07f0b59eaa285fd4ab4a7c192d2e0957df,5,5,2,4/7/11 12:31
63,f56fa886c9fb0d03c246056856663afb89272a7c,5,5,2,4/7/11 12:25
64,bb8fde0a6032cf4ac32bb569de7601cd6ffc34a3,5,5,2,4/7/11 12:20
65,0c08b2f18dab8647a0d318ecc2d93600081cfba6,5,5,2,4/7/11 12:16
66,166e0d90e3ca2ebf8c0d7e413dec0f54a56581ad,5,5,2,4/7/11 12:13
67,d6a83ef8f85a869617a9c07a703cd8ba34ca6683,5,5,2,4/7/11 12:08
68,fdac8cca8157e1707ac366344267a8db379cd19c,5,5,2,4/7/11 12:06
69,d76b43495c4342b1c0749b5308da4e5f5765baac,5,5,2,4/7/11 12:01
70,ff85b52e4b4a9aec76e8fe6da5be6afc8b85acc3,5,5,1,4/7/11 11:48
71,20e202ddbcedffc874dfc26b2ec629efe05cd05d,5,5,1,4/7/11 10:37
72,89df49708b79831979e8bf34903e958d1a462f88,5,5,1,4/7/11 10:17
73,788c567da3bdc5847454973470b4d87894294dcb,5,5,2,4/7/11 10:16
74,d4f7746c174202f14777ef83f9894b663568c5ef,5,5,2,4/7/11 9:11
75,022d07e5ec68b2f32b43f1ac8a75cfc4649aa74b,5,5,2,4/7/11 10:08
76,4fc0ca06b8e0526e3088da35e9feb16cfd1ad6e0,5,5,2,4/7/11 9:01
77,b130fff016d6764f1a97dfa0dc38693a2e9be2e4,5,5,2,4/7/11 8:34
78,3b46f3c9a0ef7cd5c50d241f5edf292aa0e221cd,2,2,2,3/24/11 7:31
79,95b25e54189e8e843fb7d4e8584654d5d4adc171,2,2,1,3/5/11 7:27
80,cc2b2961c29c9f66c45913d2772e5a5021ab7c1e,2,2,1,3/5/11 7:25
81,1931cf1ab8e5b055d8d29ec552de97466c8fcb23,1,1,1,3/3/11 7:45
82,486980125b9273bbdd754da7b63b2914b41cdfe0,2,2,1,3/3/11 0:57
83,eaef732063bdb688db448ecae56ef40f2d52f7a4,2,2,1,3/3/11 0:55
84,80a8b6f0089c4b451e0144e14f8fb9e0563f7ca6,2,2,1,3/3/11 0:54
85,8374adf14bc4dbb5e89bf6d0b29ed8eb38448923,2,2,2,3/2/11 10:35
86,0ca40ca91a49074125083f15f778ac89bfbeb25c,1,1,1,3/1/11 7:57
87,49a15230dd0d671a99e2399531b9b76a4155c38a,2,2,1,2/26/11 2:59
88,795bf03591849fb744fbdcfaa1c3aa36c0e4877a,1,1,1,2/16/11 8:15
89,50379487864c6e1b74478d5b5d588ff142242ac6,2,2,1,2/8/11 6:48
90,3a22cf02a8c19c0febc0eaefea3edbc4ced4501b,2,2,1,2/8/11 2:23
91,01895699e5ce07f46e38f02c84851a20977ae05b,1,1,1,2/4/11 9:27
92,cb3c19694e015142f257273c6d03d1af3013af4d,2,2,1,2/4/11 9:00
93,d3d3fb91951740128931d4ae53e737b07c86ae59,25,25,4,8/2/12 16:51
94,249fd70053f7b723621e6efcc590297ecdcfdbc6,24,24,4,8/2/12 15:42
95,7584d6e4fe546a29a786cb84a0303839c5aff103,24,24,3,8/2/12 15:43
96,3e9ae52a33e8abb8bb92559c85a771d8b8551213,24,24,3,8/1/12 22:23
97,7d95e5ece38b06ba1863c1854c3e68f4eb469d39,29,29,5,6/18/12 8:16
98,0633887f38a6850741541e1ed355c9bbc1d651d4,30,30,6,6/15/12 5:43
99,6dbad4b36f4b1a0eb551ffa29ce6639b8b7bb63b,32,32,6,6/13/12 3:29
100,c6e4c037f3757a5c57f8501e3fab961d891cd6b6,33,33,1476,6/15/12 3:21
101,7e5b3cafb50f667418ab67368bc018ad908b5e89,33,33,1476,6/15/12 3:21
102,d4f0c73fa74078337521aa869be4becd0af79516,33,33,1476,6/15/12 3:18
103,6ea028fbdc3b3ef1965430f5a0be7ffbe66424b8,33,33,1476,6/15/12 3:16
104,36eab0b53e2108c759a899c21a9e4576f330f9e5,33,33,1476,6/15/12 3:13
105,f3d8eb28ba0bd5ee56ca44af996f29f4530ffd73,33,33,1476,6/7/12 2:20
106,9b1ee35f28d42c4999eb05f67fd7cb43978ac533,32,32,6,6/13/12 3:09
107,a2f5941e9e12a4ef1893ef1134acf682b2d65a8b,32,32,6,6/13/12 3:24
108,7e6d17b1334c19f11570b650b0753a78ce47676e,32,32,6,6/13/12 3:12
109,5423c8fe9a69ce9701c88690a22566d2f375cd47,32,32,6,6/13/12 2:19
110,ae8e038eb360ff8f482c6ccedc7a01fd905cc85c,32,32,6,5/28/12 6:55
111,96495c2d2fdaf32a6ccd5953876cf9be4379a20c,34,34,6,5/7/12 20:35
112,6bc3e1214c60e0091caa6ea702256a51f5a578a7,35,35,6,6/12/12 19:42
113,e38f6ccf2b2e6139d7abbfe8e3b352b658a1ad7e,35,35,6,6/11/12 22:32
114,233b3924815bd6daff25f8de4ead3619e4cfd749,33,33,1476,6/7/12 2:19
115,165336f77e52b3947abfa11e489eac5891798c32,33,33,1476,6/6/12 8:52
116,791ee857e6df2e789681a373bfb81b16f9848093,33,33,1476,6/6/12 8:52
117,8aa7eab841dc5b2712c06aaf7bc0f4ec06b3cfc0,33,33,1476,6/4/12 8:33
118,823f859a8f19f83c1c3b010c5836ef8f7fbd4e30,33,33,1476,6/4/12 7:33
119,19fed9a563572046d840e4348775eb8a64ecd249,30,30,6,5/25/12 1:44
120,d342e388d2e82f354a44840edd55314e67b5a9c8,32,32,6,5/28/12 6:52
121,85859871826b3833e69b483b7446644116ea2261,30,30,6,5/23/12 7:30
122,69232ee1e49fb53a56d4ed8bf119138ddeb6995e,36,36,6,5/23/12 14:30
123,83660d7622fab2bd8d8e119ae4fab477814d6c45,30,30,6,5/23/12 7:28
124,b9c1dcc03f87aac93d32d5774d2204b4a29cbdb1,30,30,6,5/16/12 7:32
125,3585e2512a5b5f3c7003571ac405f3943cad4dfc,37,37,6,5/23/12 6:59
126,588a1b7e7b830cfad0cb0c3069c4942f1b373233,37,37,6,5/16/12 8:40
127,13aaf0ca701898d035a0c0e37f46570ba9454a9c,37,37,6,5/16/12 8:37
128,daa51a77558aad7ac95b99757a4da160ce43073f,30,30,6,5/9/12 14:09
129,89ca52109528896b36cfdee0ffc5bc94c66a1cca,33,33,6,5/16/12 7:22
130,111c49b6c8f2b65ee800953327341c1453553bc7,33,33,6,5/8/12 2:34
131,e5f6b391e2a25518d91cd2154e62e34bb3a8606b,33,33,6,5/16/12 7:21
132,ef46d7c3d86624a714b2fa4d716b68a47973c0e6,33,33,6,5/11/12 3:11
133,a0395b20340f928d75c6399effc394a836af471d,33,33,6,5/7/12 7:52
134,e465fd9a9839c3160ad919a2c63a511dc52e9e06,30,30,6,5/3/12 7:46
135,738d852cd09fab5971d28656d6bff6e1b1dfd15b,38,38,6,5/9/12 10:33
136,075a6a2091d282e1dfe42dd3a9d46a6214bb15a8,33,33,6,4/17/12 8:07
137,6a01526b56c3339f146bb84f6e4b6ebcd85c9cca,33,33,6,5/7/12 3:56
138,56a9ac4d3d1c6749b471a356a78e149e92982d55,33,33,6,5/7/12 3:54
139,a9c35dcf37a4cbe647c961595e4a472bad808a26,33,33,5,4/20/12 7:45
140,a51143239d70998bd84646a8acd1e7475adfb3c5,30,30,6,4/28/12 2:27
141,a0c7b118c6614932943bef3e3408fa6e6fbbb6ca,39,39,6,5/3/12 3:35
142,ff2604d914c8572ec7e02bfbe534f322e334964c,39,39,6,5/3/12 3:34
143,229baf5065bc920ee51db452aac33f6b1c6162f5,39,39,6,5/3/12 2:56
144,725103fd1d519bfd87f5ed504a404f92c97c8bf0,32,32,6,4/25/12 9:59
145,564a366218133946b625a26c953470da391e7c25,30,30,6,4/28/12 2:25
146,0ea037d6c6c73790adf75f51af3d02faa900739e,32,32,6,4/24/12 6:35
147,0bb0bfbeebc699f0cc25c023fa67030ff263e61e,40,40,7,4/24/12 20:51
148,520c4c002aab99643a427b28e9be5a2d12e96730,41,41,7,4/22/12 8:59
149,0ab4ead04b60896c9b2aee3c383cc4de67e1706d,43,43,7,4/21/12 9:17
150,030a8f652af2d48a7aa78808cc782cc84ebc65c2,33,33,7,4/24/12 2:47
151,a4e73c0a0e049c91f1dc1dba77b0f35e5a1faf97,33,33,7,4/17/12 9:02
152,883efb506a8f9fc236ddd50b8dd2fb1900fc02c3,30,30,7,4/19/12 1:00
153,378dcbe3d6ff72b00ce7e8c8e8ad295ee0487a54,33,33,5,4/20/12 7:45
154,e098d44cff1cb0ca26df7b721876d321de2d8ff4,33,33,5,4/17/12 9:56
155,5b0d48ccf8a50adc79c984f81946dc2e3c10b6ee,32,32,7,4/18/12 9:35
156,e790f7349359ade052c21ff111504a6e74d33a62,44,44,7,4/18/12 18:32
157,3ce1f9b5819f249d6b77ea61f5f3d816e079bbd9,32,32,7,4/18/12 9:31
158,966b3fed43ca19539297371de26dedac8f32285e,32,32,7,4/18/12 9:33
159,30760e7fa6cffab745b58ec9dc5c0ff4695faa45,32,32,7,4/18/12 9:17
160,cbb57e24731eaf93a4b6b2e6cbe59afe0627377d,30,30,7,4/18/12 2:14
161,fa292193b7d7466a2c1b6e643631a0f9eb065cf0,30,30,7,4/13/12 9:16
162,645bdf7a4fb4792911637b340674c55d97be3e4a,33,33,7,4/17/12 8:22
163,7793cb1db6208e2868e4c13e075f1b635efe241a,30,30,7,4/13/12 6:57
164,bd7e63dc21f1feba60a6d55959eb4e049150a8a3,30,30,7,4/6/12 2:43
165,7ffe458a80fa5670b84e8f3692923ed2a4404ad6,32,32,7,4/10/12 9:57
166,055a81120ecc54b6e71f2fc6e96c10b3afe13397,45,45,7,4/6/12 17:03
167,56c1a78f9867de64a58a0eaf3ad37daa16c8e97e,30,30,7,4/6/12 2:38
168,50c08ae280d9fb30d93193e32533155a08f62122,32,32,7,4/10/12 9:49
169,ddc1e7a355f9996f012900a89b9accf0cd04705b,30,30,7,4/6/12 2:32
170,bb6a36f4c88f059eb5ffbddb320da90066878151,32,32,7,4/5/12 4:05
171,3495fc67cf6491e5c211d0e14a1e84447d545658,32,32,7,4/5/12 3:51
172,22210d26c61d86d35298f4473616e23b3327b8f9,46,46,7,4/5/12 0:35
173,d1524213c75f28e84efba30dc709fec21817b6c4,32,32,7,4/5/12 3:45
174,6f933823b0eba32e235ec8eb76f72130aa517acf,35,35,7,4/5/12 3:02
175,07d65778fbdd16dd823a8c90d6c8f0b39a45183c,32,32,7,4/5/12 3:41
176,b7452047449162d19289068b475abb4ee4f596da,47,47,7,3/29/12 2:46
177,886e5dbb55fb5889362f3250b2eb88952c9b4b84,32,32,7,3/28/12 6:43
178,92ec54e3ed9a13f7cd0eaa98e62565cce628ace2,29,29,7,4/2/12 10:44
179,0762601b88902e2e6c83f98d28967fdb6081ae07,30,30,6,3/28/12 6:30
180,cd2ed68a896be953272cc292774ec4966bb7c8ea,30,30,6,3/28/12 6:00
181,aeabd3125a4fc8bebdcb3018f50df72182c1c3ef,30,30,6,3/28/12 6:29
182,11be681f909e6c650327fe02fea7c27cb6d9596b,30,30,6,3/28/12 5:59
183,61083667a703f7c0a04bed872bec730cbd982e18,32,32,6,3/28/12 4:44
184,132262c2795caa5c53eea2169c535bb24eefb657,32,32,6,3/28/12 3:20
185,c5c7b376e5f967048945a170ce4c07766c8ef874,32,32,6,3/28/12 4:41
186,b7500ed54dcf1b3d9f26c3ee99caba14e2cb56be,30,30,6,3/28/12 3:11
187,6d9f20df6798674382c3d1419e1cc950a6635d95,32,32,6,3/28/12 3:15
188,03391b4d7041b836190d5b9771f54e0c35fece1d,32,32,6,3/28/12 3:11
189,d47e763dab84d097856e1d854ffc94589ebe2541,30,30,6,3/28/12 2:58
190,9d8e239c690e0caf2da03137216097e48fc21fd8,30,30,6,3/28/12 3:09
191,0ccaa0983dc620c9aaecf210c0baf928e259b255,32,32,6,3/28/12 3:07
192,b07e04e782bff0768a51dd87de1d80447a16a65d,30,30,6,3/28/12 3:02
193,a64ae17889f1657b6bc43952b304de384fdb725b,28,28,5,8/1/12 20:34
194,5c69f84672325141281ebca388ee000a09225e96,28,28,5,8/1/12 20:31
195,e300340e8fd4640a759735fda312c1692ee7f7b1,77,77,12,7/16/12 23:19
196,663f49b4add6d5d60a9b199094ba0a7ab5952653,79,79,12,7/12/12 4:45
197,24cc2f2ea4d251d5453685ae4f932832a7abb109,81,81,12,7/3/12 19:03
198,1187ccda65b9cb96811d718dd633fcbb06b6da1f,79,79,12,7/12/12 4:35
199,ac7d90d4c8574a3f408633f8df860df5cd7352b2,77,77,12,6/13/12 21:53
200,4d2b99cac60cba94e8aa118cb187c704d027b0a4,79,79,12,6/11/12 21:47
201,7f241eaef9cbdbfe945fe57be26a2e51f70a0dd3,84,84,12,6/13/12 21:46
202,83c5cdfb58b0e1062dc4512e184cbe76fabe35ac,84,84,12,6/13/12 21:19
203,56f397ab948cd3a6f2e558b72f2cb8778d732322,84,84,12,6/11/12 20:51
204,fe0f1775d09966f9cc1d10346b782f9dba2df11a,85,85,14,8/2/12 16:46
205,a4335e64cce310a2e6bcbb30c38e341e25898af0,79,79,12,5/31/12 22:53
206,b396bea0c95aa80120a1eff5160ac1f5c39706d3,84,84,12,6/11/12 21:22
207,77acfe1e95e71f785c3daaa1b51140e70742f496,85,85,14,8/2/12 16:43
208,f40dd3dea34a055341a52acfd8d2d2d9f5e973a9,84,84,12,6/11/12 6:05
209,80bf126ad432c6821ff8885c6b55dfe01cb4a4d3,85,85,14,8/2/12 14:52
210,552e3c80f7a7dcdf07909c2867b89d51d0c26ce5,85,85,14,8/2/12 4:32
211,eabfa858582c11652d15167f8979dac2ea8b6f52,84,84,12,5/31/12 19:53
212,e4cdc205ffd05a1763148a56272671e97e21c78f,73,73,14,8/1/12 21:46
213,f98cc22c60edb44ec2433cfcddf10ed47d716b02,74,74,15,8/1/12 20:29
214,16ef694bbb5220b136583847c2c6206eec991741,84,84,12,5/9/12 4:12
215,e726c441b5f43c6b80f49e6edaf692d6374e6e9c,73,73,14,8/1/12 21:29
216,dfa70d10ec17f8f49044341a56b73fbfbf77a48f,74,74,15,8/1/12 20:25
217,df24e6b6aa7672950e372affb9f028a0e4ceaa10,77,77,12,5/31/12 19:48
218,03219a10da9785fe2571b1c76a7d570ed2157288,73,73,14,8/1/12 21:23
219,e305b33d26d566a02f47f640396050fc22675572,74,74,15,8/1/12 20:21
220,4be3584b86687ddc04461478268d1affff0dfcff,77,77,12,5/31/12 18:45
221,01295eda43f0a12ed2e893f5aa41c268d6e13825,74,74,15,8/1/12 20:20
222,b78b48bb44b4b7087865c1ba9bfdd519e682f28c,77,77,12,5/30/12 22:04
223,cba42db2f6f02e1c2c6d2580658025f103c72053,73,73,14,8/1/12 21:21
224,0a11e82392671d5c2d4af20375620ebc531c8179,74,74,15,8/1/12 20:12
225,4cf5ed02edcad83ee0897c6685751a77faffc8cf,85,85,14,8/1/12 21:02
226,ba43448014c8c5c1f143c7903e9913a3f4f1de7a,74,74,15,8/1/12 20:09
227,0a767f866d96168412bdda41fe4651900acb255a,73,73,14,8/1/12 20:33
228,7566e1206e9ac3fff6f3da8170c0266ac1570332,77,77,12,5/30/12 21:04
229,2e6e07d8a445c4a3f6a55c73d0144749ea095ff1,74,74,15,8/1/12 15:21
230,bf07cf9ed6cf4166213902014f56763c37bc19f7,77,77,12,5/30/12 20:50
231,f139d99ecff74ee7c9f405d1eb77b8dec2a637b1,73,73,14,8/1/12 20:33
232,bacc5e290496a2986dd9fc27481d9d22e01fc329,77,77,12,5/30/12 20:21
233,8588537b78e843527c37f515bf44e1d16a326f68,85,85,14,8/1/12 20:33
234,e74f2e07d6b5599e03c2877c38f0a847754f862b,74,74,15,8/1/12 6:01
235,0c626ea92576d7a11e288be33b6791edb6df5a4d,73,73,14,8/1/12 20:20
236,c388295806a767c930e0544a00795f05d0f32da1,77,77,12,5/30/12 19:32
237,575b9ead24f93ea82cf9636156859bd7c04d6a4a,77,77,12,5/30/12 6:51
238,1c6c1bafe34529792e16efb1630bf809e9ee7769,73,73,14,8/1/12 20:16
239,2974b4e7cb675a90474587b3a3daa30d29690cca,77,77,12,5/29/12 23:06
240,9179e5d37aa6e6884e3b6e552d5a4d6c99d320b1,85,85,14,8/1/12 20:21
241,ea3302a593798f3601f35d19755360a49332e4cf,85,85,14,8/1/12 17:32
242,4b3c5886c2e92caa416f8646664b2fd07a9fa154,77,77,12,5/8/12 23:14
243,a0305e5675cc7e3ea09f049da056104f5781b7b5,77,77,12,5/4/12 19:37
244,0e38ce95771dd6741274cd20b0c878204bde2196,85,85,14,8/1/12 16:59
245,0900a919e231c53de9f7adcd0d9e2b377d0dfd68,77,77,12,5/8/12 1:14
246,9d31044742d538074bd7e60a811988056d19d8a1,85,85,14,8/1/12 16:52
247,49b8cbfaf6e1df30b02dff7ffbec8291d9f4d0e2,73,73,14,8/1/12 16:48
248,7297a56d8df6344fa0bf64292b06110b77e9cc79,77,77,12,5/4/12 19:21
249,14fb9eed1bd8ec1938ac291d11e494da16786f49,85,85,14,8/1/12 16:43
250,64e18d98ef5f0918f51d7e7a9db1312e76bf3153,84,84,12,5/4/12 18:30
251,67b068defcaef3723a8ff34852ee0a84682bd6de,73,73,14,8/1/12 16:36
252,3d5fc36460db29db73a5a5922b23c3a4b3f32574,77,77,12,5/4/12 18:54
253,68295877c55729b55630d551c58d26a036a4e4f9,85,85,14,8/1/12 16:41
254,b848ffde5c29a44445c65472e26ea3cd00696c60,77,77,12,5/3/12 21:55
255,6f25111af3cb50ed58c48749af795cdd2c8d4a81,73,73,14,8/1/12 14:27
256,ad5b41aba2c5edfab0361bb37ed918638fba4b7a,91,91,12,5/4/12 6:00
257,c552dc328b1b9af20d5401517235a0432aed10b6,79,79,12,4/23/12 23:47
258,dfd6a0f27c33326fa3421372be6082c29e963229,73,73,14,8/1/12 14:07
259,0111bc3088107be79716c5acf761c43e85f1893e,85,85,14,8/1/12 14:09
260,b4b6021c067cbe5c8f1394ab05251486831530db,79,79,12,4/18/12 10:11
261,7c6c3e3e67cefaf59ae42d8f27018b2f8c8f14a6,92,92,12,4/23/12 20:10
262,91df17ec33f111f160536f2681ecdec384a75b01,73,73,14,8/1/12 13:43
263,c9e90a310bf75b8174e83be0137c2a421431b82c,79,79,12,4/2/12 20:39
264,330e46040777e5d5f235ec9f3474f8d85e610682,73,73,14,8/1/12 13:33
265,8ab823e49e4ab36a9f57d2af7f68b145c526a3cd,85,85,14,8/1/12 13:44
266,eac9e72735e142ff835df1cc5a69e3f2681b7a1a,79,79,12,3/21/12 21:26
267,1acacf13e21e2538448d2f378fc96582783b5a7c,79,79,12,2/21/12 20:42
268,a54f29ae4c0174f09070435fc2818a9ca4829748,73,73,14,7/31/12 15:55
269,fcb9739d3d229c859d7575d5808dfebbc8a0046b,81,81,12,3/21/12 21:20
270,a91b03427f9ee6e2fe8a3c4e9f3ed69569c32025,73,73,14,7/31/12 15:47
271,f2c46dd21fe57c2ac08c86ac644ca6bda5b2d8e1,79,79,12,2/18/12 21:08
272,0bb7bd587d6852b3c1e47d66edf0056a15c120a3,73,73,14,7/31/12 15:00
273,def67d5e4162cd5c00ac09d96f302c6269f278fc,79,79,12,2/21/12 20:41
274,8fdc7177d877964e029fe5839837489f11908ed2,73,73,14,7/31/12 14:34
275,a87260a792852cc61fe70a1dfb6981dadce77045,73,73,14,7/31/12 13:46
276,9af6ed13102d7c60367fc48d6731e98f1d3aa5a8,79,79,12,2/18/12 21:07
277,9b83a4dac3ab02bf851cfe8959fcc5831aed1d10,85,85,14,7/31/12 11:05
278,909593172db74f0ad02c1b542a0b103112ce7500,79,79,12,2/15/12 20:41
279,3b155f9cc1572c93d10d3dfcf8de7ba53182bb9c,93,93,12,2/18/12 17:27
280,409c6eaf23012796b731c08d52209d454f727efb,85,85,14,7/30/12 17:19
281,36cfb1a1e54b2b82e0482a91353471465ad790ff,77,77,12,1/21/12 1:07
282,4c122708c5dc5d289dd7620a45d77ed92f98df7e,73,73,14,7/30/12 17:40
283,d1f6b4984003a102a0c0e8fa4b1972687d90575c,79,79,12,1/18/12 18:12
284,32a7134800ced91a6793aa6d12731ab34ea2d8d0,73,73,14,7/30/12 17:13
285,99a5a489afb6456d895ae5d41cde4d4067857b0e,84,84,12,1/20/12 20:20
286,a842d1277fe4717cd14c05fec3072710f8060f7d,73,73,14,7/30/12 16:42
287,2f16bcc34173c5c9aacd2b2bad0e068f6c655382,102,102,9,4/15/12 22:59
288,84edc6d62cf47a68a858566e424e7b1a8640f6b8,84,84,12,1/20/12 2:19
289,2c7fb1ccd623d8f18fdd3643055169509075e7c2,84,84,12,1/18/12 0:31
290,59cef20144f3d8c23436d5fef23cee1c41d8390a,102,102,28,4/15/12 22:57
291,7114948b1ada52d1f8ab2f638e003daf574df5a6,73,73,14,7/30/12 16:35
292,9b736b5a0664d0617e6c256fa8a83238a8c73a62,79,79,12,11/30/11 21:49
293,136bf84f1b885887c91c13a7a477922c9304db2b,102,102,28,1/8/12 15:54
294,c9e862b02f9c58dd6467b1d8ec997b65c69b4c80,73,73,14,7/30/12 16:20
295,7dcbc460ca3705dbf9e35b6a2920eab9f8327975,102,102,28,1/8/12 15:49
296,63c0f092f895f8e649d34ce5ca1e4f1434e1cab3,85,85,14,7/30/12 16:01
297,bdecbaac112e4f0213bc59f6f784179bff7be294,84,84,12,1/17/12 23:25
298,8e23d6f8da9d9db6805f929f27b6b7befaeff1b1,73,73,14,7/30/12 15:47
299,ca989ad0c4d34c928146fd8c4388696c7e4f8710,102,102,28,1/8/12 15:44
300,f1a956d3e1bbb06db2c233a1680a5758bed2f1a5,84,84,12,1/17/12 20:23
301,3a9746028500c408068cd801354bdf8eab6f2c97,102,102,28,1/8/12 15:37
302,3c6810560739d40a51b295a7d388d5427e351860,84,84,12,1/17/12 1:47
303,706ccce75181b96555b3e540b4a60520d51f07c7,73,73,14,7/30/12 15:29
304,d56a880a1f677d50c44b83b8ea95a1c49ea2f1a7,84,84,12,1/17/12 1:04
305,80b24a681958f37b206f43a6e79a890a23646ec2,102,102,28,1/8/12 15:33
306,ab4d017a9d944df95730fd915b635337ecdf4326,73,73,14,7/30/12 15:28
307,63af94c71d33bdec458d3d4b0b36c0a761d113c4,102,102,28,11/1/11 16:20
308,40147e2cab8a528aa041818c7c4b797833676bcc,85,85,14,7/30/12 15:09
309,1cb6b973c0147c3448625925c1bcd14775ea4dc6,84,84,12,1/17/12 0:56
310,892c86739f126fe79c0daea9114d490bf58eb27b,102,102,28,11/1/11 16:20
311,2d9ef422337be03ff2e5518b16ca35e9346f93fe,73,73,14,7/30/12 14:28
312,72853f77bb862c7be35b0b200ee03700d3bc8c83,84,84,12,1/16/12 23:21
313,f0d60e6e92b516b632b119ce130486ccf4103920,102,102,28,11/1/11 16:08
314,b2ed9d0f4c13583c252e600ae504ccde6d7627d9,85,85,14,7/30/12 15:04
315,2ea03ea17342b4a349d4ec595c2c4f987757cb7e,84,84,12,1/16/12 22:34
316,27c12db827fb52a92dd1e39819da8b843f64c8a6,102,102,28,11/1/11 16:07
317,d720cc914ebf9fb3a17a11cae4fc92af3dbbf6ab,85,85,14,7/30/12 9:59
318,f9eade86bfc3bfaa965c66719582bb962d71fbc7,84,84,12,1/13/12 19:23
319,e4f6c1899cbd1bfcd3499209c4002595cf8b1212,107,107,28,10/31/11 20:00
320,af3f0d90677d8984245fb54cbacc00572c593d41,73,73,14,7/30/12 10:13
321,69e8bf9a1ca40fd3cece434905b77f53d0e86958,84,84,12,1/11/12 23:29
322,fdb8f76d652cc4e50534af090d268bb4c99c6ec7,102,102,28,10/5/11 16:11
323,6ce0f18f3c8b922d6f4f2a27b1629b220c72cdab,84,84,12,1/11/12 23:24
324,8ae0a59ecca73994bc481ecbdb15a9e88b04c0a8,108,108,28,10/30/11 14:39
325,141f1ccfe9cdf0775ee799ee27a1e7c922a49620,85,85,14,7/30/12 9:27
326,ac6473ea7328867bba2d56d3f802eaec7d5e5130,84,84,12,1/10/12 1:13
327,2e1a1d4e77c340f0b60f0231b99e4700f8bec733,84,84,12,1/10/12 1:08
328,3f8358b7926c0039de983764f2dd372692c598c3,85,85,14,7/30/12 9:25
329,f80313eed65387d632c6c97a1810ba16a1174c11,102,102,28,10/5/11 16:08
330,c9c5935c0f85f618ee5b694a9798d62c284313b8,73,73,14,7/30/12 4:26
331,11ce92d8cfb8596a3d8980e17a6fc67e3589d81d,102,102,28,10/5/11 16:06
332,a1a9979e147a68c118051532ae3732edf4760d96,109,109,28,8/7/11 1:19
333,48245918e36d8e5395eecc0c644e2f6301b1a72b,79,79,12,10/20/11 0:21
334,d974162125d64c7723e33e97feda13b89a4fb46e,73,73,14,7/29/12 13:20
335,9b14b4432d2aae3d2022a08d7444b68995e3ff62,102,102,28,10/5/11 15:53
336,83d8702cff14fbcee14b36109e1e43ae9d91df92,102,102,28,6/8/11 4:33
337,1a263aa3e5a08f2c30cf7b05dc036c0a6ea8a7f5,73,73,14,7/29/12 13:13
338,21d6c7e0850337fcf10704ed5f53256925001b63,79,79,12,9/26/11 21:41
339,24fd9883e516399667f5ecc3d94523936797eded,110,110,28,10/5/11 1:34
340,1599088685d3aaa79863d8d8eb5cc444ed5b9df1,73,73,14,7/29/12 8:00
341,7752b0df4d84db082483ca95af9c6232eda36426,73,73,14,7/28/12 21:34
342,b1632ccf3e520410ae89119b8c0f40f7dec58145,79,79,12,9/26/11 0:44
343,4110d89f4f1d621c4c4db86cac8f019ed97f308e,73,73,14,7/28/12 18:13
344,d9078a854bb94dbabbb0a2846b600db03429067d,102,102,28,6/8/11 4:32
345,5ae3146a810f4c4bdece2d87a95cdd91c457f17b,79,79,12,9/25/11 23:39
346,53ad262753d756fcceaf617ac6ad3c4e5b1f5b62,73,73,14,7/27/12 21:59
347,d7f27faa955a4af53f9e4ca3261464d45fde1b8e,102,102,28,6/8/11 4:32
348,dfcc7a95664a22d736614d85bb2760eb944b7e96,79,79,12,9/25/11 23:07
349,7e2d96d231e840bf1c701e6b26c7f4c10a825ce8,73,73,14,7/27/12 20:58
350,70acb270b2d9295c6abb14f86a6da39d8b43b68c,102,102,28,6/8/11 4:31
351,cea016d5fa6105a97fdd15db8666d414b3f56723,79,79,12,9/25/11 16:19
352,77908c8028c2e341b557a12385187b7d3ff7e4b0,73,73,14,7/27/12 20:24
353,c2b6d15b9d7df8b69e92b73cdf3345a378780389,79,79,12,9/25/11 16:17
354,bd992310b46184b2d7852360619a0cc60d53c4e6,102,102,28,6/8/11 4:15
355,29d1fbc067398815650f2291cb082761f3f21830,79,79,12,9/23/11 23:58
356,edaa7fd0f529b39795ddc5da14b501dbf863f139,73,73,14,7/27/12 20:00
357,b2229a75693d975cac200888216355005ac8b45f,102,102,28,6/8/11 4:14
358,b830c80cf2fc490cff2fe33a4e42ed8122c3aa62,79,79,12,9/23/11 18:28
359,ec4845c1b3d97bb36b7227625352ea9a4d691eb1,73,73,14,7/27/12 19:45
360,dee8683e45797e516b6383b275948fc73508ebbd,102,102,28,6/8/11 4:11
361,d8bf83985b96e5a10ff919568afc1b3e5c315349,79,79,12,9/23/11 18:19
362,53fff304cbfd955f12d9bb2e567eb015189fe365,73,73,14,7/27/12 19:23
363,4d2b957f2e005c4cd4ad99aba2fa161b6b379e5f,79,79,12,9/12/11 19:03
364,f0c4a02209df1097f95004ca80769f545d3e5858,74,74,15,8/1/12 20:34
365,1eb28703f4ba581f1ba70c984b8e6739128be781,102,102,28,6/8/11 3:30
366,b50a8437e23b97acbe2731b97fcc373ea395dbba,73,73,14,7/27/12 18:51
367,06286905a2a427c56aa38975c5d17b2c64b99e42,79,79,12,9/12/11 18:57
368,73f2858dce253e8d5c6f371e807b285fb7aac27e,102,102,28,6/8/11 3:26
369,30ee345f10ecc73cb7121a489726ff0616c9e16b,73,73,14,7/27/12 17:57
370,be883a0f64a4aae9d5e6619e0828934b9986af0c,79,79,12,9/9/11 22:16
371,6f4f21d8d10c2faae93d1633bf978d60b6a66074,102,102,28,6/8/11 3:26
372,f1cb831931e27b6a5e673b65be8b9b4769e14ae2,73,73,14,7/27/12 13:33
373,4edc83156c31c52ffd6569e9a0d7a1d1db460dbb,102,102,28,6/8/11 3:20
374,e2f7f7a7ce3c39245c57bf5dfd484749f8e6825f,79,79,12,8/23/11 22:33
375,d4069b308653bf699c00e6d501318a5b737d527e,73,73,14,7/27/12 13:29
376,335134d3607161f0e597f3e7bb147af9e5862216,102,102,28,5/5/11 23:37
377,76cf2d8547721bbbe4caa4e30bd82fada8cb787b,79,79,12,8/23/11 22:23
378,dced6a4487a3f8b872010b0988f75bde5beb2788,73,73,14,7/27/12 12:56
379,96efeb9901427f4b9123243f91f3f2df3c6d9d8b,79,79,12,8/23/11 22:14
380,44aeeed72a609f9178e25a29f8ec090d97fd448f,102,102,28,5/4/11 13:43
381,8bab14b68ab9af574095daff14ac38f6b15a23ef,78,78,19,8/2/12 21:01
382,5f330da4fa473ec1bd2f7176e78096b6cb368272,79,79,12,8/23/11 21:22
383,7471c79b4fa5d89071688e23442a065e1b8e90df,78,78,19,8/2/12 19:51
384,99ca0c1d2b74e46f538b4ceda7b4698ddd913d26,75,75,16,7/31/12 15:19
385,93562a768c34816dc920ce081f9ae3d82ef88c64,75,75,16,7/31/12 15:17
386,2aa1501d4b1a55a70e8c02fc35829b9f3b7bd6e0,73,73,14,7/27/12 12:48
387,7ff896f8a466f345d0b92e922414cf7d6aa90b41,102,102,28,4/26/11 20:16
388,7f0136ae8204b4d88021dd83a04397e5a38092cb,78,78,19,8/2/12 19:27
389,faae1aacb36ac36856bb88621778d2270cedc066,79,79,12,8/22/11 21:37
390,7ebcc72f2e1c26224b6fdeb3c5de75a6727da2ee,73,73,14,7/27/12 12:36
391,0ade5d1a2e1399b3c007e89872ec2737e5608a50,113,113,28,5/4/11 5:54
392,f2685947eb09681b2eb5483afc880c696cdab97f,79,79,12,8/22/11 16:53
393,55f9bf80fcc09f6adcc43b0aaaeca210992ea1ae,73,73,14,7/27/12 12:03
394,5da380c12eb09b0e2b99f588a1d9d7f7509c0bc0,78,78,19,8/2/12 18:04
395,104cb61e50afbbaf3d4c8121c93adf6d282408a9,102,102,28,4/26/11 20:15
396,9cbb21c91dcbd8dc2e359be5feed1627619d1611,78,78,19,8/2/12 4:57
397,ba362bafc680f6d8c466c10b9f4df1c6b7b88573,79,79,12,8/19/11 20:26
398,6fdd17440f2ebe80ead8927a7ae0da6f0a87e16f,73,73,14,7/27/12 11:24
399,b27507d91b7c1dcf40dff9ba3eaa06bc5d1f6438,78,78,19,8/2/12 3:30
400,99ecabd7a2be7a27ace555329594e73ff4adb942,102,102,28,4/26/11 20:10
401,883c45fd91c13ff1dc21297aff5aac7ab9e3f000,79,79,12,8/19/11 19:53
402,f40c96b226d9d5e04d5d892399dab1b4291109dd,78,78,19,8/2/12 1:52
403,ca039b8b0dc9257b0794e991d87a641cff537981,73,73,14,7/27/12 10:53
404,70ba31444cf3243646ed81dd2be540798ffe4483,102,102,28,4/23/11 0:10
405,5603347f055d94f5fda4d41a90b5485da3589ea5,79,79,12,8/18/11 18:51
406,c3460bf1097cf73f4b89445396261464f06c0f5e,78,78,19,8/1/12 19:39
407,c1a4b709c4a0d2d464fc2a4471d7b9d4324ab790,102,102,28,4/23/11 0:09
408,ca3364f73696fd41310edb5cc972d822413ce75f,79,79,12,8/18/11 18:44
409,acf50174cce2fb64af2e4cf9d1308c02dce28c1a,78,78,19,8/1/12 19:38
410,864e793d4c14bbe9d141e58f26c42250b9bdb87c,85,85,14,7/27/12 10:22
411,79a1ca130857994cffc0d3b8208aae60f58affcc,79,79,12,8/18/11 18:27
412,aba6b3be6274cbdce2192b0e5ac44fef01d4f66d,102,102,28,4/22/11 23:59
413,9b343f01048f02aa0e903ddf90983dfa0c9882f3,78,78,19,8/1/12 6:42
414,9a24326881d1eeeccf9f10fa22e9fd99ad2168d0,79,79,12,8/18/11 18:25
415,084e1c5b4ea0e2bdf16e6739b584a64e066c90d7,85,85,14,7/27/12 4:26
416,a34326c7e44242ab8aa967ae93987ef60584aae0,102,102,28,4/22/11 23:54
417,d51197f1b116f30f59477d6fa3b846679e6060fe,79,79,12,8/18/11 18:18
418,9297df45e54d1d3e4c3233d36f0f4232a4c29022,79,79,12,8/18/11 16:48
419,73f9568d1422e28abc2b054c43df8e011a5eefd9,78,78,19,7/31/12 22:53
420,51a1c3f4b43df199f7b85ba3feb5b17943cb2dd4,102,102,28,4/22/11 22:24
421,dfcdefbf548f822335aae1fd6b6fb59b6df28ebf,114,114,16,7/31/12 15:15
422,5cfac576aa0e1630717e7887a594feff6409197f,102,102,28,4/22/11 21:44
423,dd5b8b50a661f7c54cd01bd594ebb91586b93e04,79,79,12,8/18/11 16:45
424,cc16615a9b655226aa79e3b6699e6d581b383abc,85,85,14,7/27/12 4:21
425,3dd1baf115ccd65469164ba095f119c83daef3fc,75,75,16,7/31/12 14:51
426,273d9d72216731f9d97ce94f07d3181921c8ec5b,102,102,28,4/4/11 3:42
427,ef971f06fd3b451f002959f8d1535298c1864cb6,78,78,19,7/31/12 20:04
428,db66a1a80ad0f368d9c40be04ecda7a914c4ac97,85,85,14,7/26/12 5:43
429,f6c4ed11cef2f8cc2aa65349b9ffc93e898b2ec9,75,75,16,7/31/12 14:36
430,62c84228b86c33a58f1e889ec29d53e82dd0d06c,115,102,28,2/11/11 17:03
431,273dd0ce99bac2b1e0524527901c071c7c877034,79,79,12,8/18/11 16:37
432,31cc78a3e82ececd9b2e64bcb088133d30d7760b,85,85,14,7/25/12 16:17
433,54e6d97c3ddc83df3131db03cf9551a014797698,78,78,19,7/31/12 18:41
434,ecfa441d84f663ef5f9bc66a7267bdd0e499ba86,75,75,16,7/31/12 14:34
435,12e220ce5cd371efb52ed1c3c3ef7442108fa98d,79,79,12,8/18/11 3:32
436,50fec55c1f4f0bbc31c34889cf1949e729c10adf,85,85,14,7/25/12 16:14
437,7333cbd3d1853263e5706c01f5ca1e0d8f85ddae,78,78,19,7/31/12 4:49
438,1c47dbbb5e93ffbf364c8c7556e2bbec73e37bd0,75,75,16,7/31/12 3:07
439,919a0bd7f4e6643ee60e343e7e8e488d4251b893,102,102,28,4/4/11 3:34
440,d0641701b81a8a743b4981e2c8d7f96786d653b7,85,85,14,7/25/12 14:55
441,78338bba0dca381f172f2c413a171fd2023f3281,78,78,19,7/31/12 4:39
442,371b3b79eb78c0313c970b56c3a7863822f089db,85,85,14,7/25/12 14:34
443,bdd33cd04f2a7b4b313a4f8d51c1314bb57503d1,75,75,16,7/31/12 3:02
444,4cb8c7de80f79d94e51c37de509faa5e345ab8f1,102,102,28,4/4/11 3:33
445,953050913b01888345f938828bf864e50961b647,78,78,19,7/30/12 23:10
446,fd87b93f93b86ddbbc26b32867a23476d34da77e,73,73,14,7/25/12 0:55
447,8d73bbb8b71843ae7669cc2e38c32cfebb50d2a1,116,116,30,8/2/12 9:18
448,29e055f7778605c579111f058c2d31fdb6267705,117,117,17,8/1/12 21:28
449,a6f1e75f28226a6dd74cd2d8cb7ad8454e8a6cd8,75,75,16,7/31/12 3:01
450,7d0cb02d0e52a381e701277a83ba9ac21283d98d,102,102,28,2/11/11 23:10
451,3d1f8bf11af1c7f9cf9177ac981a47af71ec25ff,78,78,19,7/30/12 20:53
452,ba442b283366e820ff43300bd4a853a777f2cfc4,117,117,17,8/1/12 20:34
453,59fa14025bd8067319e664974a3ab43aa631f868,71,71,18,8/1/12 18:39
454,36d0da1b7d9ab31b65aec281aa191b46fff3bb56,75,75,16,7/31/12 2:51
455,9b93b67329a309a922a7b6f37705a93fce71141c,102,102,28,2/5/11 0:39
456,00fe994b543004b0cd0262a8a90c06ab3bba7f19,117,117,17,8/1/12 20:32
457,ee8d2e52955b643e3ad801a685422541b61a8509,71,71,18,7/11/11 9:20
458,59cf3fe8c43437c653bac4b382efdce35505fe82,78,78,19,7/30/12 20:25
459,b83f9700d6d13c1f74f96e6fbb4a7f7620cc0559,102,102,28,2/5/11 0:39
460,a52e8e5d429579aad2d7dff42b7695cbe1158b53,75,75,16,7/31/12 2:45
461,6ac7f98d467d7de2f031c96f197926fbadae3b1b,117,117,17,8/1/12 20:27
462,29c42b1a671197b51d25da02df241ec878fc3d85,71,71,18,7/11/11 9:07
463,15df6b6b47564b2fa39bbdf264a5c3d71a494398,78,78,19,7/30/12 18:12
464,0f5f898153d7e0bdae20f23a93f66bff18ed20e4,117,117,17,8/1/12 20:25
465,482ef379468a3a98833555d4b3aa435b54f9d73c,102,102,28,2/5/11 0:36
466,6ce7587634aeef8574ad66cddb69df66b2e1bced,71,71,18,7/9/11 0:59
467,d2ca54ca780206d06f17f0f5997164ca78572404,75,75,16,7/31/12 1:13
468,f64d3b4d4466de58da85e12498696beb9af6dcbf,78,78,19,7/30/12 13:32
469,1378f61f972fdc8d19d126c4f6a2fb8019df0a72,117,117,17,8/1/12 20:19
470,cc17ab178441e03f8ecc6862c4f5c285087a5b2b,102,102,28,2/5/11 0:34
471,2ec356ec14bddaed2eadb74080e8039163154bf7,71,71,18,7/9/11 0:20
472,0632e1d55e67ad76caf1278be2a1155b79b6e082,75,75,16,7/31/12 1:09
473,debe654842cc6a8177336bf6681f5bf6c52e5e51,78,78,19,7/30/12 7:25
474,44d1c629e10c046a8124696cf45e26fe110deb79,75,75,16,7/31/12 1:02
475,8bfc034fc04458491b91a35c1e826e7190c810cc,129,102,28,2/4/11 23:37
476,1b96b971630cf5fd88311f51c7f62917ff936eea,78,78,19,7/30/12 6:53
477,cebd0ecadee97b63cc8d02667208644c52cd4a9f,117,117,17,8/1/12 20:17
478,5f15b1287664b6ccf76875ff87799b47a4df5ae7,78,78,19,7/30/12 6:24
479,563782299b8e40bdde3fbfa32521be5ede0d6e73,75,75,16,7/31/12 0:56
480,23decaee2104962a301ed2ba1fd5ba37947c7b81,72,72,13,8/2/12 10:39
481,cbbe6b988baacc3af1ce449b7846e6fc8d74592c,102,102,28,1/25/11 17:41
482,377f548c30f3d2421b2ddcb68174814b568c960a,75,75,16,7/31/12 0:51
483,8e2d3d70e9199a79937af5a0758dcd506b386ba8,72,72,13,8/1/12 20:34
484,76abd5c302a0d440072074003b033778c1c41609,117,117,17,8/1/12 20:15
485,473e05d2eaecb786f7d0a706d6086195733020b2,117,117,17,8/1/12 19:56
486,5219a03612c6028967e68cb397c03b3bf1559ebd,80,80,20,8/2/12 15:19
487,b7b94b32f1e5de39553ab12e52fd45861132ba9e,72,72,13,8/1/12 19:08
488,93a50f4a5ec9c653ffa0e0cc39cc10ba252ccb8e,110,102,28,12/27/10 21:12
489,1f04239f290ecc669b5bd3cbd9594b3c9beb9292,78,78,19,7/30/12 5:40
490,5295e4fd55d3f7c7ac072d029ae3cbf75323380c,80,80,20,8/1/12 20:19
491,86aa94d482e35994794f2a0b5bd6ba919211ab1a,117,117,17,8/1/12 19:44
492,39c5a634040788ae0692a9435b21514056022cb0,75,75,16,7/31/12 0:46
493,b91be11baf154e1577e25c99fc992d53c79d8ae6,72,72,13,8/1/12 11:51
494,0e41c49920e7c95d0d3b0a5716b510a206ba300c,102,102,28,11/25/10 23:25
495,c005941f564b01dd962db3204ac900200fb5300d,80,80,20,7/31/12 18:28
496,54acad517d78f4f19f8c2845abc591f52c74ebc7,133,133,14,7/25/12 14:28
497,e2192daca466c39b55cb403b5ce5acecc5a2ae3c,117,117,17,8/1/12 16:31
498,1ca73f89cda1ca15e5ddfa4a8f764ba13c009cd1,79,79,12,8/18/11 3:27
499,b96450b65b4805cdb5a13ec7b3f5c43ff1d14b4d,75,75,16,7/31/12 0:44
500,f9cdca2d124bf82ca8dee67c26ccd0da49b1b7f5,72,72,13,7/31/12 20:37
501,444a347a2639487500b8274f19f1aa8b4a01c21a,102,102,28,11/25/10 23:21
502,8ee1be3baa6e5f04245a3d83115692ca03f1ddf6,80,80,20,7/31/12 14:13
503,2ec56c56d865ea3becb01b7fe9ba55d6ce3f4bec,85,133,14,7/25/12 0:53
504,343369b2962f355b84304235d08b52e8296b7ec5,117,117,17,8/1/12 15:58
505,f9837608a725896ad160fbe21e1450f001256084,78,78,19,7/30/12 5:32
506,349419cb3b74cbeab38b1755182bc59a2ae82e6a,75,75,16,7/31/12 0:41
507,9faf2ba6105c8771b8f90444eaf4d280539628ad,72,72,13,7/31/12 19:43
508,55b711616275ff7e63886c00491925934e5d1803,80,80,20,7/17/12 15:08
509,c8261bd5e870b5c3128918e690889d3feb95a461,117,117,17,7/30/12 22:04
510,ce66dddd1bf91d8246015480f7cb96fe121e0348,75,75,16,7/31/12 0:40
511,1290c77df339cc535bf35ffcdd3495ebc675317d,102,102,28,11/25/10 22:32
512,220a90a662ddeed3c797f88fe2c03670d439283e,73,73,14,7/25/12 0:12
513,955ef32b33d39df3bb14dcf7caf6a1ec82a12465,72,72,13,7/31/12 19:35
514,1d32dfff82d355d0f9ce9cf4d5244f49736c1550,80,80,20,7/15/12 19:27
515,07c15d3cc8a249ea9ba253c6b3977a734cf43fe2,117,117,17,7/30/12 20:33
516,97454005b79d2764ace644bb97c064d0187a882b,72,72,13,7/31/12 11:26
517,8c1d899ac55a4b6045c4819f4ccc81520d848ec9,78,78,19,7/20/12 18:18
518,d8f21f88cfd687d00f458fe31a2380c28e24a19f,75,75,16,7/31/12 0:35
519,770b3afe01cdb0b5078b5493965518954de55b19,80,80,20,7/15/12 19:26
520,37dc4d8ac4ef4cca9132626864ec3df449081930,102,102,28,11/25/10 21:02
521,235ed79e9b2dca4d0da44fc0ad16462ce7d1a5b7,134,133,14,7/24/12 21:00
522,b6b30d4d4716c2d4b742ccef45f597ab05c414a7,117,117,17,7/30/12 20:29
523,e981c9dfa4cc60ebe169ab2cf79aca59f34baaec,78,78,19,7/30/12 5:31
524,6b9e6dd59b46d7d2f45779f8805761484cc487e9,75,75,16,7/31/12 0:33
525,939d859eccf6c77fee6d45c6b38735c21f83471a,80,80,20,6/19/12 19:01
526,89ecea08b5d7b266922ea2226a71d32564cc5bf1,72,72,13,7/30/12 20:35
527,6b856e14f27889f56a4b284ef39e624a3c4a188a,117,117,17,7/30/12 17:31
528,b9486b3b3e07de9a7da17934fc64297f6ee36ccf,102,102,28,11/25/10 0:19
529,529ab391694c54941af744af6e502872f5e13260,78,78,19,7/30/12 5:20
530,981e3eb0612ed22ab78a6aabdb837e9ed0495809,80,80,20,6/7/12 16:01
531,926432d684ee5f2a9976148552d407525e81c3ce,78,78,19,7/30/12 5:06
532,38e27c2d0a2118cb1eafbe6e9e7e27231b5bba39,75,75,16,7/31/12 0:33
533,badafc0f7b223344e4e987efddbc75ec7dbdef60,117,117,17,7/30/12 19:16
534,86a87c7e4690b55b47501c3f070fd5bdd383c57d,72,72,13,7/30/12 1:55
535,fa59e5e9e44dc6526f9fae5f44f35c2129be9b14,102,102,28,11/25/10 0:15
536,2faad6296a11c546afde283d9abdaddd3669d23f,80,80,20,4/11/12 15:37
537,b7733c71e977c5c47d4d73f07dd41bf41d3fe4b2,78,78,19,7/30/12 4:07
538,37a9362503e5a30b13eaf3761c2c8ce89fb420fa,102,102,28,11/25/10 0:07
539,f659c6464d48eb4a310b1e40c0bcedca7e405c90,72,72,13,7/30/12 1:13
540,ae794f972da65181d255a30681704da0d0938719,117,117,17,7/30/12 19:11
541,423edb57abfac2dad73bd67477d5ddf10d3479a8,80,80,20,3/15/12 20:13
542,9bba03f6cd7978eb55d38b01f2a6060e956ad9d5,102,102,28,11/24/10 22:08
543,2846f94bccd8e3d4b40ac4dd50ccdd4ed086eac7,72,72,13,7/27/12 20:39
544,e8e87f7b0b7cffc406fda43deb779633879f3001,75,75,16,7/31/12 0:32
545,8b16efa930d14488a794f6436912cddf60b2d8a7,117,117,17,7/30/12 17:22
546,7f40fc08311b17b176e20a4beb55f9eb89bcaa2d,102,102,28,11/25/10 0:01
547,e3dd881321d7394c3d669490f8b5884f38097eeb,80,80,20,3/9/12 19:42
548,508147516d4a799d43679ed67f5909ad565d791b,78,78,19,7/29/12 21:10
549,540833823284b2ac4b2f7e9269d03e2e3a65ea75,72,72,13,7/27/12 17:21
550,bcf6b1a5e861bdd3e0cfe9aff767d9d2255320c5,102,102,28,11/25/10 0:01
551,34f3aa42d7ce1fd2e63505b0ee54c7b484858d35,75,75,16,7/31/12 0:29
552,735d36642454e82c18759fd49763e54ebdf392b8,78,78,19,7/29/12 19:07
553,5034756038ab22ec1070384e20b5448eaeb9f607,117,117,17,7/11/12 22:34
554,0133d4b87049c7f792c5ea2c5de6ff9f8cd63a61,72,72,13,7/27/12 16:34
555,765bbf5f451955aec6081f6d3abd4ba2a6882c58,102,102,28,11/24/10 23:24
556,e56d28f9d1bb27f4527426e476b6cdd8a971c77d,80,80,20,3/9/12 19:37
557,a19fddec515a9e7fd221996ae9263e74c0da117f,75,75,16,7/31/12 0:25
558,f4e8910548f81ac58cf5b66426b083e8d233d36a,72,72,13,7/27/12 3:27
559,49835d8709f78a8dbd65ecf3ff863dfd168eecd8,117,117,17,6/26/12 19:41
560,df82c89ef615e12ebaaed9e256bc9fa1f38c5e1d,102,102,28,11/24/10 23:08
561,70b6267615eedf05e7a254744caaa5f7fbf9e624,75,75,16,7/31/12 0:17
562,b5870fab07b9931010753cc3d711b5b406e2484f,80,80,20,3/7/12 19:37
563,df478cac73eb2abbc6ab394e5640e12e49cc373e,72,72,13,7/26/12 20:30
564,e939d7de0ec42fdf581b057b733a3ab25cca8e43,135,133,14,7/24/12 20:39
565,b535450c2ca2a3946ef38f454509c3a04c49f305,117,117,17,6/25/12 22:20
566,43399a309d961543649e96cb36b29db9d93d034f,75,75,16,7/31/12 0:12
567,3629a2044dcc3dc233806931fd718b77f56a30f3,80,80,20,3/9/12 19:30
568,dfccfdf2546bac18ac5c1eafd09624dcbf20296a,102,102,28,11/24/10 22:53
569,b03d818a9f18b594b3e137ae8fb0dbd998e0b93d,117,117,17,6/25/12 21:04
570,553547fb1df87d3342bd5c3c3cb29ad55f79bd7c,75,75,16,7/31/12 0:06
571,334cf55b4be06e5225f227071bf89db5f3fd8745,72,72,13,7/26/12 10:37
572,17f85b8eca170bad7a4e7c6e780be202dd38d05f,117,117,17,6/25/12 20:58
573,bd046ac6a71490cb8366a491ae378cce9c5d737a,102,102,28,11/24/10 22:42
574,265176756fa33eefc3f5fcae89421c2efe8371c4,75,75,16,7/31/12 0:01
575,2d7a6c0910f2ed84651f060a7cd552b8a420ee67,80,80,20,3/6/12 20:27
576,be454b3ecf8a4f5ae485f307543e6a90997557ce,73,73,14,7/24/12 20:25
577,3a872058a76a184b472bc4820b93448ff550b014,117,117,17,6/25/12 20:35
578,abaaf915f7b368b3c6081ce9f6650bcba2f8f520,72,72,13,7/25/12 20:33
579,52db15308c81867f5f41336a403d908864cf5cf8,102,102,28,11/24/10 22:18
580,de9b2019f1e911077b08a154bd2f035367a3f73d,75,75,16,7/30/12 23:58
581,3bf031aaa8624408dcf0158830c5c903ab803257,80,80,20,3/6/12 19:40
582,3d852ce07082b962ee0c4642af6d3b92769c1717,117,117,17,6/25/12 17:37
583,00f133c77beb50ff40c9fdf15e8024ed5c984583,72,72,13,7/24/12 20:38
584,7b9187a61f5cd01efee55fbb439c89d3db3c32c7,75,75,16,7/30/12 23:51
585,68be722108da8befdc91519866c95227fff5c823,102,102,28,9/21/10 23:19
586,4623a3f03d62e5130e52ca10b46a564808de0ee2,80,80,20,3/6/12 18:48
587,a820160792ef58fd8eeaae7870db712896c38e90,117,117,17,6/25/12 17:34
588,c110ccb79fe070d260ba3e189e83b01dbf65bbe3,72,72,13,7/24/12 2:25
589,ba9f0ff695c3cccf1138db0b0fd410434ee4b60e,80,80,20,3/6/12 14:58
590,f1d04dabf2f19d11ce40c5a06b9cf86f22785a62,73,73,14,7/24/12 19:40
591,0dc025ac15316a42cfe4ef6865f7f2e83b13ddf2,75,75,16,7/30/12 23:48
592,687f6c457adad2dfc19833a3a0bdf30750aa9129,102,102,28,9/21/10 23:03
593,b88debd9de16bad3eaf68ae49617e554b11701e0,117,117,17,6/25/12 16:38
594,b1a1108339c54ea87ffc125154cfc81d88e3c784,80,80,20,3/6/12 3:52
595,aad2bcd5808d54370b54b125ed74f721eeeb0d1f,72,72,13,7/23/12 3:24
596,86402d69af66b4178549f5c997b0091aebfb688d,102,102,28,9/21/10 21:02
597,6770188c6d49fa0e5cad2c51db8e3316e8d337df,80,80,20,3/5/12 18:57
598,05ecaa7f74c904336865dc0000293b351ecfe5f8,117,117,17,6/25/12 16:37
599,99f1faf71c185ac1aa8aab8ec98360694d1a90c9,73,73,14,7/24/12 19:17
600,8c3bfbf44dfbbe7be527c4e298e586779f616b8b,72,72,13,7/20/12 20:39
601,a1fb53674f01c59cf6bf2cb5efd9548edd36d7f4,80,80,20,3/5/12 15:07
602,952a77f350b33334941357024b65beb8a737038e,102,102,28,9/21/10 21:01
603,483e082c82bd632a0e08bf73e5f191cd31b542ff,117,117,17,6/25/12 16:31
604,e8c71ebfc1d246ed90c1d20cf41bf2bf11f689c3,75,75,16,7/30/12 23:46
605,d6a25f21b617d3e43938e4d300b839706d6fa79c,78,78,19,7/29/12 18:22
606,e450097f6338af488295455848d0af9229f64dd9,117,117,17,6/25/12 16:29
607,ec08d684147d1f9ea28886f72bc17ab171c60154,78,78,19,7/29/12 18:21
608,d60c051e9eec2948fb3d5e90384739e8bde79006,102,102,28,9/21/10 20:24
609,9580b744ef49e124a316f38b11ffc3f3f6dfab80,80,80,20,3/5/12 0:34
610,6debd8d1b94c2e45942de27189be77ac9a5e0cb9,117,117,17,6/25/12 15:53
611,9e7c70017bbd04a50b9da64a26c1af1434fb360e,75,75,16,7/30/12 23:33
612,90f746d1ffb70215ba8ceb11188f6e37b39df215,78,78,19,7/29/12 7:49
613,04ebcc7661dcbf36f69ecbe95feed1268978f15a,80,80,20,3/4/12 2:32
614,2da46af4964f03d3995a675a05ca91326114a863,72,72,13,7/20/12 2:38
615,e57ed97450f3c6b6b532f209826b0943cd0806cd,117,117,17,6/25/12 15:44
616,519d1f730131b7b80dae176d3d5a8c0c333cf64c,102,102,28,9/21/10 19:23
617,f3b328b0f61e20d2b0a05681a46660631edc2137,117,117,17,6/25/12 15:43
618,173b7ef48b81fd8dd227584ab87417fdb776d0af,71,71,18,8/1/12 20:34
619,48b7e00d56b4ca5dc9b24defe68215446cc3f216,80,80,20,3/4/12 2:24
620,4ab88840cea0eb86d722010dd8ff40e725becad9,72,72,13,7/19/12 20:24
621,454254848da7e426e1ce815f3b7b10bc3edea4f1,102,102,28,9/21/10 19:09
622,3d154ce40e5aca7f0d2f5d9f09f2d9a3168469d1,117,117,17,6/25/12 15:39
623,38e31f4db030cfe8b8b98a2db2f3d849662db415,80,80,20,3/3/12 15:48
624,98f26602cb5a371d9f41cbeb647f02699b054a57,72,72,13,7/19/12 19:02
625,87dc78991c52671e537acf2a0909320f8cc257e6,75,75,16,7/26/12 3:28
626,e03a35709056d5d48408a201e29dfef29d72692d,117,117,17,6/21/12 14:41
627,6456bcf6e2289b3bab2ae18cd01e89ab56f7d5b8,102,102,28,9/11/10 23:18
628,554bd04ca9a33f276693d3308ee92d53ae9d3a4a,72,72,13,7/18/12 23:28
629,ac40649de8ae1642096a1bb6fbd1d40e08a9f050,75,75,16,7/30/12 22:26
630,ff6212eab5cc72f710cd89f4ea804672fca15dca,80,80,20,3/2/12 22:25
631,bffeda9beb2084b8a9154a169ef22a4ec2367808,78,78,19,7/29/12 6:02
632,83a4096d6a2de0904853a3d49462e7da7a14af7e,102,102,28,9/16/10 20:16
633,f86fef25835cbba082f18b1899e87eff01dba4cb,72,72,13,7/18/12 20:28
634,78d86e0f0b250b58a5cc5b9d6d66052becb38af1,80,80,20,3/2/12 3:40
635,8af073cfb5d2ab6a312a081b8fc61b58e23081de,75,75,16,7/30/12 22:25
636,c9645cdd9558adc90f661177faac31614365fac3,78,78,19,7/29/12 5:36
637,7be962e94b3c4fb4218f13b06d39127dfd3db7c2,102,102,28,8/7/10 23:38
638,c4cc05dff3d4f7e176e45ee4e798ed058d02f223,72,72,13,7/17/12 20:40
639,3b49a0ca97b1e867dbcfca9cd9b0128d9cecbf94,80,80,20,2/27/12 20:10
640,d4614ad52748cce54b1268d5f568b4c497b3bb7f,117,117,17,6/21/12 13:38
641,8a0e206e8cceeb4fd42b97479951b8fd727de87f,141,141,24,8/1/12 20:34
642,e453ec5c173f5ddc98972621570b400e67eafa94,78,78,19,7/29/12 3:12
643,254a6f180eae7da16e8b6934dd15c5ba1b6b4812,75,75,16,7/30/12 22:19
644,3c37f329ef8a7e4d5c565adcb6da031bb697f49d,72,72,13,7/17/12 4:13
645,c7dba7db8762f2de184c9e9cfed4f2e379c3f07e,141,141,24,8/1/12 20:07
646,7a58f25b1e68b37d72e1708cd4d4ace8ec38032b,80,80,20,2/27/12 3:43
647,5c06415c2b758d0e670d6d90923ea9773362d40a,141,141,24,8/1/12 20:07
648,12ec0d1f052f32e1a4ca1c368dbdc43de50f732a,78,78,19,7/29/12 2:53
649,dd94ea9e18b6105d47bc70e802bcebe543b2b6d3,117,117,17,6/20/12 22:42
650,374fc0d72fcc395c2028b793c6876fe029b737c7,75,75,16,7/30/12 21:25
651,93e2280b9d719849f381c72a242669f98a1ea91f,72,72,13,7/16/12 20:33
652,1e89c94f4e7948b67c04c3c8da13b40c2ada0a35,80,80,20,2/26/12 2:08
653,e6cdd367702c8e0c22feaea011e4f3fd3b2ffd73,117,117,17,6/20/12 22:33
654,8ac15e494e06f9441e2367c6f7fdae243759edff,114,114,16,7/30/12 21:22
655,43045a85d74e04752d1dcf3ca67ee1cc901a9812,78,78,19,7/29/12 1:33
656,7f455401970e6703c731f90c797b862c7e200c29,141,141,24,8/1/12 16:02
657,f870af109a49cdaf749e60c3718f849c7d277500,72,72,13,7/16/12 11:25
658,e283a9c50e3a84f55628cb00eeeacdd16e9b8549,117,117,17,6/20/12 20:40
659,b80a5ed39eb2da85410109b3843f1241f8ff7792,75,75,16,7/30/12 21:16
660,eaf585d47d1f83149f5f53e4f0af556f1ae89a3c,78,78,19,7/29/12 0:14
661,4a7e20e4ffac08e5241da9b5aebbf5cf2e809b2f,117,117,17,6/19/12 22:37
662,d6495bb417d40c289054f12153a63c5760c71241,141,141,24,8/1/12 15:48
663,af936a457904a033fb91eb9f351a7bd6830a8106,75,75,16,7/30/12 21:14
664,174b7815239ddfd2f8ed94ea8075f80ca9538a20,72,72,13,7/13/12 20:38
665,215816a15dcd68a28700af005ffbfc4c1382b52f,78,78,19,7/28/12 23:41
666,613c53a4bd400dafac27272aae35ce7527b23044,117,117,17,6/18/12 22:08
667,79f8d8369cc4e199fa886f4e7d6b6bd6c4c75be8,141,141,24,7/31/12 19:21
668,743dc964723d20f8aba5293e35567006425b2537,75,75,16,7/30/12 21:13
669,d626db825e9bb28f548a1c35c10a0a3f4e9063a5,72,72,13,7/13/12 11:36
670,7f0f2a4c3b10a67e6414ddf87a4718b5b320cb5d,117,117,17,6/18/12 22:02
671,ff439834c564dadec4012db0ed11a880d9b90543,78,78,19,7/28/12 20:16
672,bb2261fe4bb31046f188d933d8886547b5f98045,141,141,24,7/30/12 22:19
673,414c0ec25c78e2e07384d21c55cfacbe90dd7265,75,75,16,7/30/12 21:11
674,6e379db399d8144d329a2a4b19ccad21592e7263,117,117,17,6/18/12 21:57
675,dffdfa75a6393d2fe840e8a2eff048ddd4fe7f0e,78,78,19,7/28/12 19:37
676,5c98b99bab9b299c390c0f6a3abf91c41f0aa0fc,141,141,24,7/30/12 21:42
677,1378b635d3cdd72cc5af1ee50b3d7db234e4b924,75,75,16,7/30/12 21:09
678,6cf22320c52d816c01346bc006ae887d0fad61c3,117,117,17,6/18/12 21:47
679,8eb106612a1b17492f310ec345d07a872130266e,78,78,19,7/28/12 1:58
680,83308e7c8959b35a25c55ff5d3923e31fd9e2299,141,141,24,7/27/12 21:38
681,0b12afe22dc2b7c6893fa7567731074dd0e3804e,75,75,16,7/30/12 20:28
682,037f46dd2f74d3c8bbad001563cfe5767001ad39,117,117,17,6/18/12 21:47
683,2ac68fef7541fce388a051bfa667193b269e9636,72,72,13,7/13/12 0:50
684,dcbb305f6e0f6500de9a2ef6c430a351caf13b49,78,78,19,7/28/12 1:50
685,70793c8c238800b786ca9d655fbe6abc96762dce,75,75,16,7/30/12 20:26
686,5ebb0ce1d6c2d726d9233833541c4122e892bbee,141,141,24,7/26/12 19:15
687,1d8f7d23f7f6983f513016c2b96a5d42613119b4,117,117,17,6/18/12 21:44
688,e79a4ebc01a9540d20f150253f2dda82cad672f4,78,78,19,7/27/12 20:25
689,674ced23455f02f7b5d1fff8041daa2165aefc7a,102,102,28,8/7/10 22:49
690,568c28013cc2882d6eeb2709e983152399f88897,75,75,16,7/30/12 20:20
691,d32adb216f5f4ca5e72a6f419d44031b19ecaade,141,141,24,7/26/12 19:13
692,66093bf243dfc45410ca82043bbcd86dc59db747,117,117,17,6/18/12 17:25
693,6e881ac3de0cff06c110dd07fc88c4d0c36cad59,102,102,28,7/31/10 22:49
694,62a4546e9626e3b8dc1414d8289824cd41763ac2,75,75,16,7/30/12 19:54
695,9612e9f263b92cc6847fab9e327c4171d3d9cad7,143,143,28,8/3/10 15:58
696,51265f7b323b1fdd6813d788557ccd8945c30408,75,75,16,7/30/12 19:46
697,b99d5f273c9752c94bb67a791038ec17baf0864e,78,78,19,7/27/12 20:08
698,5926731adccfcb03942cc1eeed0d29f055f100f0,75,75,16,7/30/12 19:42
699,5019794e7acd877f9716770b7892fbb4c64c7dd0,141,141,24,7/26/12 19:13
700,f480d499ea851e9b74a85dee87a006bfa1be538a,117,117,17,6/14/12 23:25
701,8b7cb893637ccbe05d0b97a94e6040cbad3d144b,72,72,13,7/6/12 19:19
702,05a4f36e74e2a4aebd3dd9004600d3ebeef749fe,114,114,16,7/30/12 19:38
703,2657d714b8b48bf315fafaadea412a6221942107,78,78,19,7/27/12 19:46
704,f7ae71aac3fd4a318914ae33d46c696f04e0185f,117,117,17,6/14/12 19:54
705,257e497a08adf561163e4a95528895b0ff0d00f2,72,72,13,7/6/12 19:18
706,ee902f76f846c1273520955ffaabad529ccbd829,141,141,24,7/26/12 19:07
707,22582e16e998ae7d799daf7d060505c429dbdb56,78,78,19,7/27/12 17:17
708,ce5ea49b8003012b26b6d87355abdafb00e4cde6,117,117,17,6/13/12 17:13
709,a70582f763dd4e98af01a2b91493b481e046f80d,102,102,28,3/2/10 15:17
710,4dc551e0c9639277f49fc3f83bdd04530ab55fd9,114,114,16,7/30/12 19:38
711,1ef8094161aaed00f6a604b1e8f97c0eb9268e7c,117,117,17,6/13/12 17:08
712,c3c71a70602cdbb3d42fc1bf03f1f9d5f9806d19,78,78,19,7/27/12 6:22
713,32d062d6ad1fdbebe7621a11e7a1e0d8723991bc,102,102,28,12/29/09 21:47
714,e8a8e07e9943f011af86fedf94656e28f19f1f89,75,75,16,7/30/12 19:35
715,5d8f2ca3607f8d8f895d983d604c2a49b2172919,141,141,24,7/25/12 16:31
716,7bfb75d9da47181a32ad8ae7673ec1b36c379282,117,117,17,6/13/12 17:05
717,0788aec0064fe020617a023996f7f03c4899a895,72,72,13,7/5/12 20:30
718,93bee08c161063ac294ef4756bbe1fb543917be7,102,102,28,12/29/09 21:42
719,0f1bc37fab56dbe0174e95842088c42307d155d1,78,78,19,7/27/12 5:25
720,dba4f5e2efe29b17f6f8e35600df487265a19800,117,117,17,6/13/12 17:03
721,e2cd5a1a4626cdc60c403dd4a0c573223e5bd5d3,75,75,16,7/30/12 19:28
722,bab17defb2ab1663475cbd74bbf1a453f2020623,141,141,24,7/24/12 15:28
723,7b7af198545cf831c6cde2c200bc248b1ee6e78c,146,102,28,12/27/09 14:32
724,01fd83ccb5e5d452cc086f49db630ccfe9414c80,78,78,19,7/27/12 5:12
725,ee4246b182b6d943a769138e4b7b339f3631ec60,117,117,17,6/13/12 16:58
726,e233d850d6b3d55564c59feeafe4e1c715ce99ca,141,141,24,7/24/12 14:42
727,a8902dd9c4b61710f2626acf3e108ba178ee1a4f,75,75,16,7/30/12 18:37
728,2d0068e5223ae410be815a92f01cdd6b5c9cd95f,102,102,28,12/13/09 9:47
729,03076bdcf4b0fc75202473771f96931f7335ee41,141,141,24,7/23/12 17:27
730,aa71fb34e6305f8b93d715b82852987d1a528c9d,117,117,17,6/13/12 16:37
731,b4d603fd0ca787d9e7114f23a042a885c4aba0a1,78,78,19,7/27/12 4:14
732,d33e7f88120f1c110747232c9ebcaea3dacf68c4,75,75,16,7/29/12 17:40
733,bdc7d1642909b44c4e75edee5f303df8ffa4eea7,72,72,13,7/5/12 12:34
734,79da000d0b2ca4b095a3dd77b0da67d5caf9f2b0,117,117,17,6/13/12 16:35
735,a1e0239a9d94dfd1ebf6958e8507f35fa943c1af,141,141,24,7/20/12 15:00
736,ab252aa2e52948b3d724876ee591078bb271b888,102,102,28,12/8/09 14:30
737,3a5a41417c5d36ad8ca2ab04e2068f60c881f19e,75,75,16,7/29/12 17:36
738,722bfb8174763626db74cd9ce78c2e255dbb2f74,78,78,19,7/27/12 1:25
739,02f413737844734e1da229b0badb5b79a5295d28,72,72,13,7/5/12 11:55
740,a45ae8138f950525b084a8338e6d64f37a2a1d70,75,75,16,7/29/12 17:28
741,978bcbf68896783798b4eadf835a55a041153364,102,102,28,12/8/09 14:25
742,e7389f521d4d114b68bfbe7dbe439616222e8eca,78,78,19,7/27/12 1:35
743,4728b7194f754fce9330891822607289e4269f90,72,72,13,7/5/12 11:35
744,b7cf4a0836fcc8eb077e0b1278634732762eb298,117,117,17,6/13/12 16:16
745,c25f8dac48c14d0a986bf442de68e37dd3e90475,75,75,16,7/29/12 17:06
746,ee2085732bf06962d4ed782e6832380cac4880df,78,78,19,7/27/12 1:24
747,1777dd4bbc8555a73f9d2dd9c60532201e606aa0,102,102,28,12/8/09 14:17
748,07971c15b4cc2cc39181266649c81e4c1f96a9b8,141,141,24,7/19/12 20:59
749,12eaf9f6b0e00fd2e1b584ef4a8aec3d77b5db18,72,72,13,7/3/12 20:34
750,c4dc6a1ae19154b16c892acf64ea5228204af5ea,78,78,19,7/26/12 6:58
751,cfa1bc952c7edba8b1414282a2bf2505f43e5a09,117,117,17,6/13/12 15:52
752,f0a3be22dbfd25c4751a0ba40e847256151762e6,72,72,13,7/3/12 18:04
753,6f8a86dbdaa48107ca6a4e4c26f2be87bc95f09a,141,141,24,7/19/12 19:57
754,fbcc4e969b6a43bada20862c37770d1f83dc0e0a,150,150,9,12/7/09 22:02
755,6f84cbc5e4bc171aeb2b7290f26ff306cd00d7e8,114,114,16,7/29/12 17:03
756,b3286df58f5b5f4fcc37dd0fd7c8beff46d47261,117,117,17,6/13/12 15:51
757,8f28065154736fa1608e593a905374adb470dbec,78,78,19,7/26/12 6:57
758,4d6e5b59ceb1ff9d2122c6aa82a9a174444387e5,72,72,13,7/3/12 14:53
759,1a66c537e98acd82034e647e65a365f1bf822ba3,141,141,24,7/19/12 19:25
760,b80be45198284024e184830af9cfe470c1709473,117,117,17,6/13/12 15:50
761,b18a1a0717949232d8d13f2533c4659544a46679,72,72,13,7/3/12 11:39
762,c90ea21b10a99d76cd9fb3473ebc765103376976,78,78,19,7/26/12 2:11
763,1a329d1a5d043f58e3960b4241b17f9ea0338469,141,141,24,7/19/12 19:21
764,2b7542b27fdb44177f52795278af9c65fa268cd3,117,117,17,6/13/12 15:48
765,c555df1d30f7681392c6cc58f7614662c3b2eedb,72,72,13,7/2/12 19:38
766,a58852378060600b5b808c81f4840974266deb4e,117,117,17,6/13/12 15:14
767,76dcdead84dff10eae399959ad654371c2134573,78,78,19,7/26/12 5:34
768,d03c270d290e9f6445bbd198c476efd1df107b0e,117,117,17,6/13/12 15:13
769,485fded7ebd78a999508e220fea29376cf65c3bb,141,141,24,7/18/12 20:41
770,87bd07811eb21d01202c60bd1034b0a53fef384f,78,78,19,7/25/12 21:17
771,f247c43338ee7454bed1e4b64d57c9843d139d8e,117,117,17,6/13/12 14:44
772,c89d75951a5d78355e9572fa8708c3223a831895,72,72,13,7/2/12 19:35
773,87e471de985a550943e9288cfd61609404c177f1,78,78,19,7/26/12 1:26
774,83cd5a99f7e085c8b5165dd54f79c89ffb6afa4e,141,141,24,7/18/12 18:14
775,5943d5dc9590fc4d51a8b8dda77d5b617d6842a8,117,117,17,6/13/12 14:41
776,6254a7d436929fdd8478397b0a3f49e6f7ffe176,72,72,13,7/2/12 19:35
777,176f0ebfb2526654311c615084659bd88cc1ea12,141,141,24,7/16/12 17:56
778,3100e6e512d9f210d09dcd980401181616cd6158,72,72,13,7/2/12 16:27
779,eb43cd07e2fbce322903d520dc7c40b0d6949656,117,117,17,6/12/12 18:41
780,e6f815774580c3f5029bc08cac21a6dbc3b47086,78,78,19,7/26/12 0:55
781,62f4c47e6cfa6972f65c92c4e6a77735e367c03d,117,117,17,6/11/12 22:12
782,c235253885e54d9f4c9f296f5fd9be909eac1fc6,72,72,13,7/2/12 6:58
783,e55ef31744a523f4a0640f1cd7977651184791db,78,78,19,7/25/12 23:58
784,deedbd3d3d3f8f7617e6154a82ac60459a447b4c,141,141,24,7/16/12 16:57
785,0145fac02b6a01adfd9935e3666a40dcebcd27b4,117,117,17,6/11/12 22:06
786,94231c674b74f5bb482766d6a9c7f6bc56b76429,72,72,13,7/2/12 6:37
787,57393ead72f12a835b01712f883a0c229100e59a,78,78,19,7/25/12 23:43
788,b320b9239f6a8275ad98b50691829aff6f3015ba,117,117,17,6/11/12 20:13
789,be939284ae8ce3f7bb52d1664f9e4b3fcca0476a,141,141,24,7/13/12 19:53
790,5f0cfc49425e21f5bb2fa87a5934c28945b97ba1,72,72,13,7/2/12 6:32
791,a408d16a4b83b87a0762619fd544997738f10065,78,78,19,7/25/12 6:36
792,dba72db3cb679e67d675bee81ffd9da60262259e,117,117,17,6/11/12 18:38
793,fb64a4a7b01667b5c70806fe7225955b79c0ad4e,141,141,24,7/13/12 18:39
794,95ce114050e76a1eb403f78ecb2b254669959e7d,117,117,17,6/11/12 18:38
795,10f6c2008bab40937ae571d3c5db871edc8922b2,78,78,19,7/25/12 21:03
796,1a329f730b5d63d2e302d754e21691ed4eff64e8,141,141,24,7/13/12 17:12
797,38e9b4e4906ccd7785bb2fcb8b034d9a9638cf52,78,78,19,7/25/12 18:36
798,0d5ad5eb91f612e6709bd8a652b9dbdd6cc55160,141,141,24,7/12/12 22:22
799,5223073aa502d130a4080a394d11f3f6b0c6e02f,78,78,19,7/25/12 7:27
800,bd32256c02f5123e6480b624c27a5b5adb2ca548,117,117,17,6/11/12 18:05
801,838059aa8e4c8f6be39aff4f7bb38c66261b4b6c,141,141,24,7/12/12 20:14
802,fb49b4f0eebc370d443b4d1fa35e314986577e91,78,78,19,7/25/12 7:20
803,164ec152cb0ebf6cf18cfc7bbe3ebe755dc092a4,78,78,19,7/25/12 5:18
804,6af68ef921db25420cb590ce6360547e72ed21e5,141,141,24,7/12/12 17:57
805,6358fe451104e0d77f28bb495468bfa46b4dcdcb,117,117,17,6/11/12 17:36
806,36b3fa92c17bf26e74c2c393ee5141ebe4c31d8c,78,78,19,7/25/12 5:58
807,1cbf1e7791474d02d14d5fbe5487b17140f6ddea,117,117,17,6/11/12 17:27
808,719a88d3e03dab61995d83ad179e14a0f08c8465,78,78,19,7/25/12 0:27
809,01c7a1f638b908a7e2e0ceaa29dfbe3a813c786c,78,78,19,7/25/12 0:27
810,fb006020e3210d4ba8105a6d989faf2fd76162da,78,78,19,7/25/12 0:16
811,72655a5116730834fb80311ee2554491c054c60e,78,78,19,7/24/12 6:23
812,8ae842b5bb515264e39770f10b504ebe9a7f7319,78,78,19,7/24/12 6:23
813,6f482e72963d37c01ef275bd226035548cef2c02,78,78,19,7/24/12 3:30
814,fb6e3218ba16dc3ac4c3e361559fc124fb1b9bf0,78,78,19,7/24/12 1:36
815,045100f6b3cd794eada0ecd9240a59169481d61d,78,78,19,7/24/12 1:13
816,a01f451c80d12f720211d11327c5dca58bf24d24,78,78,19,7/24/12 1:12
817,07ff8943f37de40e04ec3870107cd027fe028568,155,155,16,7/29/12 16:47
818,d74f71b63c3d7113032a7e56e980fe0b3897d4c3,78,78,19,7/23/12 22:35
819,64d2c6a1f65cf42ce81cc91ebf1092ca2a9400cc,155,155,16,7/29/12 16:16
820,54a8d47579f1e67daa097f73b9ca0a59a71c61ad,155,155,16,7/29/12 16:01
821,eccc238177114fe75ae5b014359c41dd71fa80f5,78,78,19,7/24/12 0:13
822,de06dc9b85671459719fdca38d309b4b068cb690,78,78,19,7/23/12 23:51
823,e77bb725f413efc711deb1063b8a9ac41d07d92e,114,114,16,7/29/12 14:02
824,a86dce0dc6ecc74d85fee830f4d06a9cd277d872,78,78,19,7/23/12 20:08
825,9c5320462c9f5ffc2d341f5488b6790d6fbae7f8,155,155,16,7/28/12 23:13
826,8ca02af7cd581f8300092b6b6e41ec9a2489b1c6,78,78,19,7/23/12 22:16
827,2aad55bcbb59c8062e8e8ae3b86969acf60f827d,155,155,16,7/28/12 22:15
828,42b80e8a88e2ade21a0faaef6356e24bd9508227,78,78,19,7/23/12 20:24
829,dfa3829fd2d2120cc53c9a9bd7ee5ccd2bf52729,114,114,16,7/28/12 22:08
830,059ff5e503be3e4e98faa938093f0b52b1c37808,114,114,16,7/28/12 18:33
831,f27049bbb6da832d945e5040db53ac180e5590af,78,78,19,7/23/12 20:08
832,2e3507ed18750ddeb4b7de80b154fffda1159ebb,114,114,16,7/26/12 3:16
833,569f098936a760c1fa0b1863f479bbcb1e55b4a8,78,78,19,7/23/12 20:06
834,3739913ffe1adc924985aaad5d0d907dc9f12a6e,114,114,16,7/26/12 3:15
835,57498783b27555e4e057faee7bfbe0d0a4b06fc5,75,75,16,7/26/12 2:49
836,3ae86a7e147ce2061b7174994e5f1e47471edbda,78,78,19,7/23/12 19:49
837,327e51e0c195afbd7db227ad2f1f839c4a3dd1fd,156,156,24,7/7/12 17:45
838,7f09468c0199c898abbae846a64d6e67b0b7d87a,114,114,16,7/26/12 0:39
839,545e39b5fd0053879504c1cc5ed1e71152a2de1d,141,141,24,7/3/12 23:06
840,0fc1d1f3279048306164078686f52e1850f5699f,78,78,19,7/23/12 19:09
841,916efaecd98594b62a2a923c99389cc73eab68c9,75,75,16,7/26/12 2:49
842,0e909a9bf5c2eab8eac824e0ec424a5b7982eb6a,141,141,24,7/3/12 20:42
843,fb8b62df375fafe2cc59ed676dad3befc9c7baca,157,158,32,8/1/12 11:39
844,a97b27d5677ee78d2d1cdc74c3c18dd24f3dc903,78,78,19,7/23/12 18:03
845,298a073c2afdeb02dd3a8dd2c6fd1f72a3916e44,158,158,32,8/2/12 15:39
846,dce9746d9fbb00265a3013eed665c36dd967c362,75,75,16,7/26/12 2:24
847,b1c7f6de74d774a7acf3427f653ad645bcbf9716,158,158,32,8/1/12 17:00
848,04a1daf3dd882c124c8a9e86f40253871fc9d85d,141,141,24,7/3/12 20:14
849,ad32b37b297e8ff18ac323c40c0c0d167dd7997b,75,75,16,7/26/12 1:35
850,f474f6e3aed274fee2cf12c1d3a41a341364c41c,141,141,24,7/3/12 20:11
851,f1f9a46abd47ff7c681fd22ecf81a31260498f2c,158,158,32,8/1/12 15:52
852,6853154f1f91169918144532eed2a3598d49a7a6,114,114,16,7/24/12 17:16
853,6870636c7f144038de8262a66d658abaafd51eaf,158,158,32,8/1/12 15:51
854,5c1b010713877205773c75a123b32c30e97488e5,141,141,24,7/3/12 16:18
855,d81277655f83b984b6bfe4bfdf53d7556a460448,75,75,16,7/24/12 0:59
856,31d33229a19a45c4ce9aa6e5961e2e1f8276cb1e,158,158,32,8/1/12 9:16
857,1c21af2bfa8893990e259d5885b0a0ddd9c4502e,114,114,16,7/24/12 0:50
858,429367ebcfcbe43ba07dc40946a81093fd54caed,141,141,24,7/2/12 21:59
859,340e5b55280b5d8b10f4e19f732f63293e38cab9,141,141,24,6/29/12 20:03
860,d4ebfd0ad895d89914601664ea54d6ccb2b56fd2,75,75,16,7/21/12 0:41
861,55cd590a16f7461fe2bd8b6a8b1d925af62c92a7,75,75,16,7/20/12 23:10
862,5ccda3840e1eb8e0abaea6ba0f1adbff6f117e92,141,141,24,6/28/12 22:59
863,b9c6330b1c09aa4e4b8dc9a3796e7dfab29f84d2,114,114,16,7/20/12 20:27
864,434a082267a1d19f86d46dcd03fe0273bea58a37,162,162,9,8/1/12 20:33
865,5373d2ede88667ba164a811433a597e6ae70868b,114,114,16,7/20/12 20:23
866,7300602a22fbb0397a3371505f06ccb574eaae68,114,114,16,7/20/12 17:36
867,af4bb90139bad13c7717428c4caa52e120376b5f,114,114,16,7/20/12 17:25
868,0e6d66b4397006c333bd90e4b3bb0b7e961feaf9,114,114,16,7/19/12 20:13
869,30cd6db7a01e09c72243979b3275f628acbccb47,114,114,16,7/19/12 19:21
870,1eaea52da8452caf8bf3fa1e3bdf0736ad45887a,114,114,16,7/19/12 17:53
871,39d0d04722be86dab644c4e1e06ee08be79d1b2e,114,114,16,7/19/12 16:29
872,825ab8328bb0821bd99554482766de5a8dff573b,114,114,16,7/19/12 15:28
873,3de68a5b8caddf99c7735c02b9bc8f6e7bc19862,114,114,16,7/19/12 15:22
874,c057c0d2855c19bd0cef90af660173dd7a8dd0e9,164,158,32,8/1/12 8:35
875,a6eb85b2372fb97efc29332b9a484c8d69af8874,164,158,32,7/31/12 6:24
876,ebb857720fd2ba352d9090ae4a3089fe8201a806,164,158,32,7/31/12 14:36
877,675c1ffa6fc056cec3acc26f2e8fa0f3e5e922c7,158,158,32,7/31/12 17:57
878,0398e9e8c18bc4045c5bc66fd1bb99b84b6e32ec,167,167,24,6/28/12 13:46
879,611de4cc2a4e636dc7e18b7f67f97461bf64b782,158,158,32,7/31/12 17:55
880,6c0f6ab9343174ae723ccec5a02d20dabecdd71f,141,141,24,6/27/12 23:30
881,7e6e9c701866e1588852b8ce000290ca1ca54d4c,158,158,32,7/31/12 17:07
882,2650cac98c31dee18620d908fd84860b51d5689e,158,158,32,7/31/12 17:02
883,1ca8352d493217fc1bda88116460b2105238b9ae,141,141,24,6/27/12 16:21
884,1d188d0052af9e26a945c4f9050ae49453ccb026,158,158,32,7/31/12 15:34
885,4f8dcfb819a8bb48e57095baa05da39ef9757cb6,141,141,24,6/26/12 20:08
886,a9770f7fa0d113f3fda10e7c62c65809bc6027cb,158,158,32,7/30/12 16:37
887,fc22bff04b90709b7c68b3d3206e79c09efb664d,158,158,32,7/30/12 16:19
888,b3646c8c2268c1e8cdd135d5f45e372f5ce846c5,141,141,24,6/22/12 19:29
889,b5606aada4d84dbf529afd19fc992a7a7fdc1921,158,158,32,7/30/12 16:00
890,a486ebfb92a76f96fe9407558fa585a32259fc23,141,141,24,6/22/12 17:09
891,922e6775e0c731c7155e80de4cca3cd74fca2f9a,158,158,32,7/30/12 15:59
892,46949388c6945fcbdcd5bc059fd5fb10a1e56597,158,158,32,7/30/12 15:43
893,b161c791e25d51571ee88e1ae4361dbe611120d0,141,141,24,6/21/12 16:58
894,ec4a67bfd16ba3609f6381248982a6abcd581a7c,141,141,24,6/21/12 14:53
895,e8393a8e8aa7cc8e6d2605382cc12389e6157d63,141,141,24,6/21/12 14:52
896,9cceb6421a4e143542ab461698b83775cd44711a,141,141,24,6/20/12 22:46
897,dfcf329fb8b90d67eeb510b6ce593fc655d43723,170,170,21,8/1/12 20:17
898,18641249f2c6fecebe034ae83908536580ae1f6e,170,170,21,8/1/12 19:48
899,91c56645e7a7e08385761ee84344fa5c54e8ad83,141,141,24,6/20/12 22:43
900,5ddf589ccb8d4bfc29d6a0da6eb84f13f612dfd1,170,170,21,8/1/12 19:45
901,aa9e0d69ee519920f8919705da86130078a800b2,141,141,24,6/20/12 22:13
902,28cc689624b2cffb6643375562c9aba7100d198c,170,170,21,8/1/12 19:39
903,c6e43e4d4d66261b293f099efd746364e876cc20,141,141,24,6/20/12 20:50
904,64fd11d46d301d8d1258cd68a1f16662e0c8d3c6,170,170,21,8/1/12 19:26
905,07faf25ebd35cad79f93670b9664cfd78dd290b8,170,170,21,7/31/12 23:37
906,88c7dc90a5f6961f71d155e9d2424ff7b6b17b07,141,141,24,6/20/12 17:25
907,f67b7bd1c5c277bc6f2fd917bc8e5e1736bb5ac3,141,141,24,6/19/12 22:26
908,b48eb399f4c18c1ac147f6add784a7c7d98dd7de,170,170,21,7/31/12 23:12
909,03f37666f036dc296c6a5be1154809a2c12d7da7,170,170,21,7/31/12 22:49
910,32d8c9994985579e8091fd6f2b00a3e9549ac52e,141,141,24,6/19/12 22:10
911,9482c85a6d8b71ac5468863d694c25c3b34a00d7,170,170,21,7/31/12 17:26
912,a0ef731768d4fe07d554fc4b714af9354cd12e46,141,141,24,6/15/12 19:20
913,88753331afd929c9a797cbf46538cf86251b4ec5,170,170,21,7/30/12 18:14
914,cae7cd97439ef58ebf9fe80ac88e588d56207b7a,141,141,24,6/14/12 21:45
915,ec34526a54e7da98534eada324a35f74d320b789,174,158,32,7/30/12 12:24
916,48763b96dd8301a116f4522e43d132310b35ace6,170,170,21,7/27/12 19:58
917,3142c19bbf262eb8063c09753614884469fc4e51,141,141,24,6/13/12 22:03
918,9d41f93d641bc63842e143e919dd8177ece1b770,170,170,21,7/27/12 16:50
919,b53f8b8eff0c826e50190e1422d4ae9ec39d9962,175,158,32,7/27/12 11:15
920,baf16ad444deefbea45a77489288e0f7003a00c2,141,141,24,6/13/12 19:21
921,c9b534611225865104b258dec26450b892e9a808,175,158,32,7/27/12 10:09
922,455e7d71426f205e631a13ebbb16750bfa45834f,170,170,21,7/27/12 16:45
923,6dfe6f0e829912e3dfca87d69f1211c0b4f5a900,158,158,32,7/30/12 15:10
924,0b99dfac78a62451a81f5ac525b0e1355d1ae96e,170,170,21,7/27/12 16:03
925,a3c515d8e7c164e537fff47c4f2f285bf9c04b2a,141,141,24,6/12/12 21:49
926,018a38a64cda88b0402f55b616ef58168be1f7e9,164,158,32,7/27/12 9:00
927,b75bd2b7fd99dad4636f671f9a192f62fba6f3e0,170,170,21,7/26/12 8:39
928,b82e2561a0d61bdfce5fb46785b2e1bfdcc9d922,141,141,24,6/12/12 20:31
929,ee9c04f48c142ca6b981a9061af25ebc9763903e,164,158,32,7/27/12 8:35
930,33c9327c43e814c2e4623041887500720618af4f,170,170,21,7/25/12 23:50
931,a1945e2aa5febe281ed1c802a507ca9d1ce08805,141,141,24,6/12/12 19:54
932,454996c495de82c8cfaeeb4e99bbbfa84d509af0,158,158,32,7/30/12 12:57
933,a7c38292120da202bf0a4564bda2f19fc6033895,170,170,21,7/25/12 17:23
934,506eb04c3ddfda6257cfb332454fe7ce273a3230,158,158,32,7/27/12 8:17
935,af85ad7d9c68f8a02a00e09c188425280c0d1f99,141,141,24,6/11/12 23:45
936,232d9ce9252b82d7bb6af6bc3271af1ea9014d1e,177,177,41,8/2/12 18:16
937,b943d52f23db09c9cdd40e37a002911eb4b7d330,170,170,21,7/25/12 17:05
938,a7134cf512f0239efde2da5220cb30c06d1a834a,164,158,32,7/27/12 7:57
939,e158d6cb5a9082b3e3948916c969945b89b15f1e,178,178,41,7/19/12 16:38
940,0d4c4083eca6c25f057eed4a65f770ed2807a105,141,141,24,6/11/12 18:23
941,d6eb6ee46e0880d305eadabb341429f3dff97636,170,170,21,7/25/12 15:15
942,c1aeff655903411c37c6cea5a7d89d2b89bca309,178,178,41,7/27/12 18:55
943,c57dca6877d431095ff1d3c4158ffe4352766b7e,179,158,32,7/26/12 13:52
944,8ef0377ca1dd13617630a23a57814c5a838054ff,170,170,21,7/24/12 21:07
945,8decd8a474983d822a05ec9af6ddc58d295693fb,141,141,24,6/11/12 16:11
946,3b23a17ec8731ed90734c04b5ffed5679fe91d31,158,158,32,7/27/12 7:17
947,468ba9795965d37d92fc5e63de957b7ff8faa3a5,178,178,41,7/16/12 21:55
948,ece94a2932d47d8c6b8f1bd7607552a747c26e43,170,170,21,7/24/12 10:10
949,155b9dd2f32f9e6e8c4067644733d1352b05dbfd,75,75,16,8/1/12 20:34
950,7770e7df15e0a9ba26b8a1e59ed3234bf909cb26,158,158,32,7/27/12 7:04
951,b9a6e94d67446da34ed5ab26b5c7553a14196c9b,167,167,24,6/11/12 14:27
952,1a49a73c9f3a5729192dd1eb88028d08825234d6,75,75,16,8/1/12 20:34
953,aa8135f81b8ba730ec4edde4e0d2a10cc30e9bb7,158,158,32,7/26/12 22:56
954,3afd413568fbe0142150d5406ddb3795b9297629,170,170,21,7/24/12 10:09
955,f4e1b7294db84622b0676bcdd0d51b36b6034d02,141,141,24,6/8/12 19:23
956,e9f4b2922bd7dd4aaec40aedbb263286cec1bc9a,178,178,41,7/16/12 21:06
957,31de0476920bb1040d6e65db5d76e6b7bf98c106,158,158,32,7/26/12 22:09
958,ce238acaac07c45ec753393f4087cff6ad5c2935,170,170,21,7/24/12 4:05
959,8f2dcd017fb6e01cfb2f76f805c0b70250fb4748,141,141,24,6/8/12 18:29
960,12d51e76c4621a7287726a83b20179b5feb2a181,178,178,41,7/14/12 20:54
961,a6d37a54e4ca61d3e553eb5f14ffd14aa042151a,170,170,21,7/23/12 23:06
962,917e1d690071bf0cfa564cc3e0468aa71e2d7430,141,141,24,6/8/12 15:53
963,d6fb4c6986fade516405510f7b238aae0a766f41,158,158,32,7/26/12 22:07
964,ca73c30c0f443ab0dcb299a5d1ee4d3a611cfad6,178,178,42,7/9/12 0:05
965,f1c131ccb879f08e114b33ac740318336500e5bd,158,158,32,7/26/12 20:23
966,5f0d62202a57cc0c61624505ef58017429f8d710,178,178,42,7/9/12 2:41
967,23ba2a5996ce893993883e658bb8712dda6996e2,170,170,21,7/23/12 17:07
968,eb0f80a65e19a7b0f7e55be00c0f7b6e8ba2d9f9,158,158,32,7/26/12 20:15
969,44480a0ebde9f6586babe894e48900ad382a3083,178,178,42,7/8/12 0:47
970,fcee0dd6788111ea02b06ec451d854c45f122fb0,141,141,24,6/7/12 23:56
971,10e2598de8d7a1794635cecb13ec7784d9b5c978,170,170,21,7/20/12 16:47
972,5d2994e7aceef411ba22523c396dbc719f3b2181,178,178,42,7/4/12 16:40
973,66f658726cb90e5daf366977df2b150bb79edb05,182,182,43,8/1/12 20:53
974,846d91010d8ed5777abdd6d3949d18ad96cb6ebf,183,158,32,7/26/12 19:53
975,8ec5d65b0ba15a97fd550808f6eb28a7c53a0b5b,170,170,21,7/20/12 7:11
976,ac97f06950f0547d27a8be4b1ac5873ad89cf3b5,184,178,42,5/22/12 7:20
977,dab0839e16759956189d3384d05c3f450efea02a,182,182,43,8/1/12 20:47
978,2e7eb50b9fb0527a5a946c855ae468dd0a9cb69d,170,170,21,7/20/12 7:09
979,955047bb45bac3150eaa9cf13bf9aa0eaf0be3df,141,141,24,6/5/12 16:06
980,26a6b4a6f9537899c096290d0e5cd31b1f9c31df,185,158,32,7/26/12 19:53
981,95c2cd45ed8963b5a5cab9efb22051f2ad0d8d09,182,182,43,8/1/12 20:37
982,419c5b4a9bd214678d792e2f95d24b6b44a98179,184,178,42,5/22/12 6:57
983,124a6d7951e0846f31f45053df8d95e04dd5df0a,170,170,21,7/19/12 19:36
984,9ee9f7407877e07d043447ea8592c3f07e11c1cd,141,141,24,6/5/12 14:02
985,29521d3ab2a143320a0b37981b44390a0602c22c,182,182,43,8/1/12 20:34
986,c30210beb4eb32dc6f9a8aeaced6777606f8e28d,184,178,42,5/22/12 2:55
987,4e3b3de233ef9c0c64609b0061c1931608c08b2c,170,170,21,7/19/12 19:28
988,f13a0f33d6e61463a2a3325387b6c595d85de404,182,182,43,8/1/12 20:24
989,4f79cf980ec8ac9fd20e7c3c618dba0894700a5e,184,178,42,5/21/12 21:51
990,5f29e76a41c2a0e780698b2424e480deab641d18,141,141,24,6/4/12 23:15
991,c3a25219b7701661bb1435565592971354cbbfba,170,170,21,7/19/12 17:00
992,fdf2669cd3eee9237d9558ffe676fc03d6f7166c,184,178,42,5/21/12 21:50
993,fba263ad82eccedeedf475e71ec28d5f37b64d57,182,182,43,8/1/12 20:20
994,66d36ecb27f4f5a363ef150a4911af1807967eda,141,141,24,6/1/12 20:24
995,aecc0f67eab59dbbbfa2306d4e0fddc6a63b6929,170,170,21,7/19/12 15:43
996,b50d99374ed2bf2f8d2f53c3e94e2dad059319d1,184,178,42,5/21/12 20:03
997,a80dc09d913cc6ea35b29d53e595334eb705cb75,184,178,42,5/21/12 17:38
998,61141540c97b8483247132224b65167e7dd89f52,182,182,43,8/1/12 16:13
999,87ecbce0398b0809bd05b83f5dd10f5465262a31,141,141,24,5/31/12 22:12
1000,927d22f1a7ceb6bd2d8a28770f4a440f00010b9d,170,170,21,7/18/12 21:50