1,2,12/15/08 12:28
1,4,12/15/08 12:28
1,17896,12/15/08 12:28
1,21523,12/15/08 12:28
1,29121,12/15/08 12:28
1,46833,12/15/08 12:28
1,57004,12/15/08 12:28
1,59446,8/21/12 10:26
1,89393,8/23/10 23:53
1,99896,5/3/13 4:18
1,109128,1/16/12 10:25
1,159000,1/22/09 12:01
1,237203,7/2/12 16:31
1,237204,10/5/10 17:39
1,237205,12/13/11 14:58
1,262813,8/27/09 16:10
1,538005,9/28/10 17:07
1,561361,8/21/12 10:30
1,594693,7/4/12 5:28
1,612393,10/5/10 5:47
1,1083801,2/22/11 8:38
1,1459189,12/5/11 9:33
1,1579659,12/3/12 10:33
1,11439078,2/3/16 15:57
2,1,12/15/08 12:28
2,4,4/28/08 17:25
2,6,2/5/10 6:35
2,7,9/30/08 0:05
2,12,5/24/09 15:29
2,13,8/8/13 19:34
2,150,4/4/12 19:32
2,269,7/9/08 12:31
2,302,4/16/12 7:13
2,307,12/22/08 10:19
2,348,3/22/08 0:37
2,391,3/22/08 0:37
2,392,6/13/12 5:05
2,485,10/31/13 21:32
2,1561,5/26/08 20:54
2,1567,2/28/12 8:22
2,1655,3/23/09 18:19
2,2094,5/26/08 3:17
2,2114,2/21/09 14:21
2,2491,9/30/13 21:43
2,2624,6/12/10 22:49
2,2695,12/10/09 9:30
2,2711,5/15/08 13:49
2,2720,3/13/09 3:49
2,2723,10/22/08 16:56
2,2823,5/18/08 3:00
2,2830,8/25/09 19:05
2,2879,11/15/09 18:19
2,2935,3/22/08 0:37
2,3062,5/23/12 0:34
2,3851,9/11/09 1:34
2,3909,5/1/08 1:59
2,3920,6/9/09 12:05
2,4348,3/22/08 0:37
2,4532,3/22/08 0:37
2,4560,8/7/08 10:12
2,6003,9/21/08 23:43
2,6044,12/10/08 12:56
2,6093,7/9/08 8:52
2,6189,3/22/08 0:37
2,6218,3/17/11 9:26
2,6321,1/25/11 17:44
2,6616,4/4/08 11:57
2,6805,12/14/08 20:17
2,6985,3/22/08 0:37
2,6995,8/22/12 21:39
2,7264,3/2/12 20:47
2,7546,3/22/08 0:37
2,7592,3/22/08 0:37
2,7714,6/8/08 3:01
2,7837,3/16/09 9:23
2,7852,3/25/09 11:27
2,7872,6/2/08 10:20
2,7931,8/14/09 10:10
2,8075,12/24/11 19:21
2,8097,5/3/08 18:29
2,8134,6/2/10 5:48
2,8634,3/22/08 0:37
2,9273,3/22/08 0:37
2,9285,6/17/08 16:47
2,9642,11/20/08 18:01
2,9918,3/22/08 0:37
2,11149,3/22/08 0:37
2,11957,3/22/08 0:37
2,11973,3/11/09 6:23
2,12035,1/16/09 9:29
2,12630,5/16/10 10:55
2,13267,2/24/09 15:08
2,13331,9/6/12 9:22
2,13371,10/28/10 19:51
2,13440,3/25/08 16:48
2,13823,4/6/12 21:23
2,13840,2/25/11 1:20
2,14016,4/14/08 23:37
2,14284,3/22/08 0:37
2,15557,11/28/08 22:01
2,15739,9/8/09 17:25
2,15750,3/25/08 23:07
2,17638,4/11/09 9:09
2,17711,11/12/08 3:55
2,17745,11/9/08 17:16
2,17759,4/13/12 9:45
2,17775,3/22/08 0:37
2,17819,4/30/08 1:02
2,18018,9/28/09 20:39
2,18153,12/15/08 7:58
2,18382,7/8/08 17:17
2,18432,5/11/09 13:15
2,18629,7/27/08 10:57
2,19349,4/6/08 9:44
2,19538,8/30/09 5:39
2,20448,12/16/08 8:12
2,20628,3/22/08 0:37
2,20640,3/22/08 0:37
2,20812,5/18/12 18:41
2,20838,11/12/12 13:26
2,21410,3/22/08 0:37
2,22925,3/22/08 0:37
2,22956,8/3/12 5:36
2,23393,8/28/08 22:41
2,24553,3/22/08 0:37
2,25012,8/10/11 13:07
2,26046,4/9/08 18:08
2,27262,10/21/09 13:48
2,27289,5/1/08 0:30
2,29121,3/22/08 0:37
2,29572,1/7/10 13:11
2,29988,7/11/12 6:33
2,30077,1/22/09 18:33
2,30469,12/31/09 9:48
2,30490,3/2/09 18:55
2,31589,5/15/13 20:16
2,31909,3/22/08 0:37
2,32093,8/19/09 16:27
2,32891,4/2/08 16:23
2,34550,3/27/08 6:52
2,34553,6/5/08 7:41
2,34575,3/22/08 0:37
2,34584,5/5/08 23:49
2,34597,3/22/08 0:37
2,34735,4/11/08 16:06
2,35577,4/7/12 22:21
2,36199,2/8/13 8:38
2,36219,7/23/08 19:21
2,36371,1/24/09 23:51
2,37755,12/31/08 11:37
2,38076,3/22/08 0:37
2,38227,3/30/09 20:18
2,38683,7/27/10 19:40
2,38778,7/17/12 23:29
2,39124,6/8/12 15:02
2,40342,3/22/08 0:37
2,41091,5/20/08 10:04
2,41811,3/22/08 0:37
2,41916,3/22/08 0:37
2,43794,12/30/10 23:32
2,44651,2/11/13 11:24
2,44696,2/19/09 2:55
2,46085,12/29/10 17:21
2,46202,4/17/11 8:03
2,46815,5/26/08 5:54
2,46833,11/19/08 5:38
2,46898,7/22/08 15:10
2,47091,7/3/08 5:25
2,47153,4/29/09 6:49
2,47272,7/30/09 9:50
2,47528,6/15/12 17:25
2,47627,9/26/08 2:20
2,48004,10/28/08 11:49
2,48293,3/22/08 0:37
2,48372,11/9/09 3:43
2,48424,9/16/11 6:35
2,48792,3/12/10 13:08
2,49512,4/30/12 9:21
2,50695,1/5/09 1:45
2,50710,3/20/13 0:35
2,50868,1/21/09 5:15
2,51442,2/25/09 17:48
2,52204,4/4/08 14:17
2,52487,8/12/08 10:01
2,55537,3/22/08 0:37
2,55885,9/7/08 22:58
2,56364,7/23/08 13:10
2,59216,3/22/08 0:37
2,59621,2/27/11 23:29
2,60438,6/28/12 3:54
2,60568,3/22/08 0:37
2,61698,4/3/08 16:53
2,62990,4/13/09 15:50
2,62996,6/15/10 16:02
2,63760,3/9/09 18:51
2,63784,8/2/09 22:17
2,64406,8/23/08 0:09
2,64571,2/15/13 10:18
2,65385,4/11/08 6:26
2,67844,11/26/08 18:06
2,68087,10/10/08 15:44
2,68346,4/8/10 7:50
2,69199,5/20/09 23:35
2,69562,4/11/09 15:38
2,70822,12/4/08 11:16
2,71408,9/24/08 22:48
2,73679,4/11/08 22:05
2,74033,7/15/13 2:38
2,75632,1/28/09 15:41
2,78180,5/4/09 13:43
2,78636,7/15/09 21:28
2,78637,4/17/09 5:47
2,79289,3/22/08 0:37
2,81048,7/28/09 17:55
2,85438,4/30/08 7:56
2,85611,7/28/08 5:15
2,85672,10/17/08 5:35
2,85808,5/23/12 0:34
2,89322,7/14/12 13:50
2,89325,4/3/08 17:59
2,89330,6/2/08 12:49
2,89336,3/16/13 3:49
2,89345,12/5/08 14:38
2,89373,8/7/08 22:59
2,89374,6/13/08 5:08
2,89387,2/21/09 15:34
2,89393,8/23/10 23:53
2,89412,3/14/10 18:11
2,89419,7/20/11 12:32
2,89427,5/2/08 2:59
2,89429,9/24/12 19:22
2,89435,2/17/11 16:52
2,89442,2/1/12 22:23
2,89444,12/11/09 16:20
2,89466,2/24/11 11:13
2,89474,3/4/10 13:48
2,89480,4/15/08 19:00
2,89488,6/24/09 14:03
2,89616,4/5/12 0:18
2,90138,2/22/12 2:43
2,92026,11/23/10 17:30
2,96349,3/22/08 0:37
2,96889,2/12/12 20:12
2,96998,12/15/08 12:30
2,98829,4/22/08 11:29
2,98846,7/11/12 6:34
2,99188,7/2/13 10:20
2,100237,7/21/12 4:55
2,101613,7/9/09 22:23
2,101615,5/17/10 12:39
2,102021,4/28/13 20:24
2,103470,12/25/08 11:52
2,104599,3/3/12 21:14
2,106400,10/4/10 12:00
2,107476,9/6/12 9:24
2,108303,4/11/09 9:01
2,112187,9/3/11 15:14
2,124850,4/22/13 0:43
2,126347,12/10/10 12:10
2,130498,7/5/09 21:34
2,131945,12/16/11 18:49
2,136144,8/24/10 20:52
2,136636,9/16/09 7:29
2,137028,5/13/13 3:51
2,137339,4/11/08 8:45
2,137402,10/22/09 12:11
2,137582,9/5/08 13:12
2,137992,4/26/08 16:20
2,140444,3/13/13 21:07
2,140634,12/18/08 16:09
2,140846,7/28/10 21:48
2,144428,6/9/09 0:43
2,146367,6/3/11 10:30
2,150377,4/27/08 18:39
2,152840,5/13/13 18:57
2,155317,12/8/12 23:17
2,156309,2/18/11 23:57
2,156452,6/13/12 5:05
2,157789,1/25/09 19:16
2,158007,6/6/13 21:21
2,158202,7/16/09 1:40
2,158816,5/12/08 9:20
2,158860,11/14/08 13:19
2,158882,10/17/08 18:54
2,158983,3/25/08 3:19
2,159051,4/28/08 21:08
2,159054,9/22/10 16:31
2,159152,12/9/08 23:00
2,159194,5/12/08 12:01
2,161038,2/25/12 22:45
2,162233,3/22/08 0:37
2,162235,3/31/08 6:34
2,163855,8/30/09 5:39
2,163872,5/24/12 11:34
2,164235,3/22/08 0:37
2,164497,10/8/08 12:56
2,164501,8/22/08 0:51
2,164524,4/25/08 4:26
2,164605,1/14/10 13:27
2,164718,7/31/09 16:54
2,167292,5/20/13 19:13
2,167467,4/3/08 21:29
2,167603,3/22/08 0:37
2,168404,3/22/08 0:37
2,170691,7/11/08 6:59
2,171357,5/7/08 22:16
2,171422,12/22/08 8:25
2,171565,3/22/08 0:37
2,174637,6/7/11 21:56
2,178245,8/21/08 14:57
2,180331,6/9/11 11:24
2,180532,8/17/09 18:58
2,181018,3/27/11 1:00
2,181277,2/27/10 18:33
2,182107,3/2/12 15:45
2,183487,8/31/09 1:20
2,186597,2/18/11 14:52
2,189283,12/4/08 19:19
2,190226,10/13/09 16:28
2,195244,9/1/11 12:39
2,195745,6/27/08 5:51
2,195845,12/21/09 18:04
2,196068,5/31/08 22:18
2,198591,3/22/08 0:37
2,198978,3/22/08 0:37
2,199883,3/3/12 21:14
2,200859,7/3/13 13:56
2,203962,2/11/10 21:33
2,204092,11/4/10 4:10
2,205118,9/28/11 2:49
2,205130,7/28/13 6:26
2,210613,1/26/11 12:35
2,217434,11/21/10 0:07
2,219001,3/21/11 12:47
2,235332,5/4/09 19:49
2,241726,2/9/12 15:57
2,242933,6/19/08 5:32
2,242934,11/13/08 12:26
2,242935,1/26/09 5:56
2,242936,4/7/08 13:11
2,242938,8/11/09 3:28
2,242939,4/16/09 4:50
2,242940,4/15/10 6:18
2,242941,3/22/08 0:37
2,242942,2/20/11 22:27
2,242943,7/31/12 10:21
2,243557,7/6/08 21:15
2,244191,7/27/11 9:22
2,249927,11/3/08 17:14
2,252287,6/1/08 3:12
2,252531,5/23/12 12:56
2,264310,1/21/11 14:13
2,265547,9/28/12 19:05
2,270300,8/5/09 3:19
2,273213,3/6/11 21:18
2,274828,2/15/13 10:18
2,295916,8/5/09 8:22
2,304074,6/13/10 14:11
2,308700,1/1/12 3:33
2,308706,1/22/13 8:47
2,309668,4/7/12 5:14
2,318541,5/9/09 9:59
2,336645,4/21/10 18:32
2,345002,11/20/13 22:04
2,384319,12/18/08 19:05
2,414656,7/1/10 7:15
2,427820,12/18/12 20:21
2,456555,1/15/12 13:16
2,470452,5/13/13 18:58
2,550940,6/20/12 6:47
2,585954,5/28/08 6:04
2,658077,8/21/12 0:32
2,660203,8/29/12 12:48
2,665276,1/28/10 15:27
2,675707,3/3/13 21:06
2,715054,2/11/09 20:02
2,742001,4/2/08 23:13
2,752392,1/26/10 11:31
2,765064,1/22/13 8:46
2,776724,2/13/12 6:54
2,827248,9/22/12 4:51
2,873168,10/2/12 19:45
2,877145,8/28/08 22:41
2,881726,7/14/13 11:38
2,936840,3/10/09 12:53
2,946497,1/11/11 17:38
2,1023453,8/4/11 17:40
2,1118204,6/1/08 1:38
2,1167068,11/2/12 4:08
2,1202860,5/28/13 23:21
2,1241854,7/27/10 19:40
2,1247322,11/3/12 7:15
2,1292004,9/30/09 14:28
2,1330471,2/21/09 16:35
2,1370697,7/6/13 6:47
2,1389994,11/19/12 8:58
2,1435459,8/30/09 5:39
2,1451339,1/29/13 7:35
2,1455644,11/19/12 2:19
2,1467306,2/2/13 7:07
2,1504300,3/22/08 0:37
2,1576167,11/16/13 19:46
2,1627961,2/12/10 17:10
2,1803437,3/17/13 22:00
2,1839341,4/15/13 18:49
2,1855584,4/13/09 15:50
2,1875707,5/23/08 3:34
2,2161993,4/18/13 13:47
2,2364357,8/2/13 18:47
2,2365045,8/22/13 10:01
2,2365714,9/19/13 8:20
2,2366542,8/2/13 6:16
2,2368128,8/13/13 18:36
2,2383367,9/26/08 2:20
2,2389979,8/3/13 5:41
2,2492410,7/9/13 19:42
2,2626621,8/20/12 10:02
2,2657953,10/16/10 5:51
2,2742813,10/17/13 8:08
2,2924469,5/23/12 12:56
2,3134945,5/21/09 7:49
2,3151517,11/1/13 8:22
2,3225755,1/6/14 12:02
2,3237739,5/23/12 12:56
2,3303589,11/25/13 13:51
2,3303923,1/31/13 13:25
2,3333022,8/25/09 19:05
2,3488389,9/10/11 3:44
2,3534161,2/19/11 18:37
2,3666474,3/19/14 18:54
2,3804014,12/10/09 9:30
2,3906193,4/17/14 5:31
2,4033458,2/22/14 4:07
2,4642482,2/10/14 23:09
2,4979542,1/26/09 5:56
2,5099456,12/28/12 11:35
2,6721049,10/5/14 3:35
2,6923948,5/23/12 12:56
2,7631897,5/9/14 10:20
2,7881647,5/14/09 3:20
2,7951994,2/8/15 9:42
2,8532330,6/5/15 4:18
2,8886670,7/31/15 10:42
2,9211479,8/21/15 7:08
2,10002756,7/14/15 9:12
2,10092154,5/14/09 3:20
2,10915412,6/24/13 16:39
2,11918211,1/5/13 2:42
2,12218020,10/18/10 17:31
2,12331112,3/1/16 21:57
2,12508235,4/15/16 3:31
2,13205747,5/10/16 11:26
2,31562345,5/6/15 9:30
2,31729532,9/23/10 15:53
2,33645404,4/5/12 2:18
2,33708534,9/1/11 14:39
2,35177342,3/19/14 19:54
2,36579987,4/11/17 12:04
2,37229221,7/3/17 8:58
2,37835182,8/1/17 12:48
4,1,12/15/08 12:28
4,2,4/28/08 17:25
4,6,2/5/10 6:35
4,348,4/28/08 17:25
4,2823,5/18/08 3:00
4,3665,7/19/10 18:05
4,4786,6/12/08 16:55
4,5274,4/28/08 17:25
4,5353,9/10/09 7:25
4,5360,12/17/10 9:11
4,5697,4/28/08 17:25
4,8889,6/21/08 19:55
4,9273,4/28/08 17:25
4,11149,4/28/08 17:25
4,11718,4/28/08 17:25
4,13835,5/9/12 15:44
4,14284,4/28/08 17:25
4,14403,5/2/11 5:20
4,14438,7/27/08 22:52
4,17819,4/30/08 1:02
4,23374,10/21/09 21:39
4,23998,4/28/08 17:25
4,24301,9/7/08 3:10
4,24783,3/2/11 23:48
4,25789,4/28/08 17:25
4,25843,12/19/12 7:10
4,25960,4/28/08 17:25
4,27752,8/22/08 9:24
4,28464,4/28/08 17:25
4,29128,5/15/10 14:43
4,32626,10/24/08 10:13
4,32770,8/10/09 20:42
4,34465,8/13/12 23:48
4,37794,3/30/11 7:33
4,38076,4/28/08 17:25
4,41811,4/28/08 17:25
4,46833,11/19/08 5:38
4,48293,4/28/08 17:25
4,50650,4/28/08 17:25
4,52969,4/28/08 17:25
4,57714,4/28/08 17:25
4,59202,8/17/08 16:30
4,59216,4/28/08 17:25
4,59506,4/28/08 17:25
4,61102,7/21/09 12:58
4,64201,9/13/08 19:53
4,68125,5/24/10 3:43
4,69199,5/20/09 23:35
4,82366,4/28/08 17:25
4,89346,12/8/08 13:48
4,91474,4/28/08 17:25
4,96349,4/28/08 17:25
4,97089,12/22/09 6:40
4,137992,4/28/08 17:25
4,145111,2/6/12 9:12
4,146431,7/13/09 12:54
4,149254,7/17/08 9:22
4,151940,8/28/09 6:06
4,152112,4/28/08 17:25
4,152831,4/28/08 17:25
4,158860,11/14/08 13:19
4,161962,4/25/10 19:39
4,192926,5/1/08 14:50
4,211683,10/26/09 13:09
4,233394,7/27/10 11:11
4,239843,7/15/11 23:55
4,243081,5/1/08 13:01
4,244137,4/9/09 11:18
4,244184,8/13/08 16:16
4,244186,4/29/08 6:24
4,244190,12/29/09 15:15
4,244191,7/27/11 9:22
4,258053,10/11/11 12:31
4,279912,1/16/11 14:40
4,282977,6/16/08 16:45
4,301039,11/24/09 16:02
4,315725,12/1/11 10:37
4,349284,9/27/08 15:35
4,436387,10/14/10 9:14
4,490086,6/3/11 9:56
4,551044,10/12/10 3:23
4,774863,5/22/13 15:04
4,921061,2/1/12 15:31
4,1034301,11/15/13 11:24
4,1173683,9/15/09 14:11
4,1426379,9/24/12 9:59
4,1566701,6/12/08 9:47
4,1611432,2/25/13 20:35
4,1623912,11/13/12 11:34
4,2298369,5/6/13 7:06
4,2468555,12/8/10 10:25
4,3913432,5/5/14 10:50
4,4247205,10/29/12 7:59
4,5481791,5/23/13 7:38
4,5714811,6/21/09 9:06
4,6000089,4/28/13 10:11
4,7032092,2/16/15 11:07
4,7313330,8/18/08 9:35
4,7313331,10/20/11 15:34
4,9714105,6/18/14 10:15
4,10002749,4/28/08 17:25
4,11959284,4/22/14 19:08
4,13216434,4/25/10 14:40
4,32186410,10/24/08 12:13
5,9285,6/17/08 16:47
5,11766,5/24/08 3:24
5,46245,6/3/09 4:20
6,1,2/5/10 6:35
6,2,2/5/10 6:35
6,4,2/5/10 6:35
6,41811,2/5/10 6:35
7,2,9/30/08 0:05
7,113,10/2/08 21:17
7,129,9/30/08 0:05
7,142,9/30/08 0:05
7,392,5/11/09 19:20
7,1019,9/30/08 0:05
7,1063,9/30/08 0:05
7,1561,9/30/08 0:05
7,1563,9/30/08 0:05
7,1564,9/30/08 0:05
7,1565,9/30/08 0:05
7,1570,9/30/08 0:05
7,1584,9/30/08 0:05
7,1934,9/30/08 0:05
7,2094,9/30/08 0:05
7,2122,9/30/08 0:05
7,2146,9/30/08 0:05
7,2159,9/30/08 0:05
7,2206,7/21/09 19:03
7,3164,7/5/09 6:07
7,3199,9/30/08 0:05
7,3344,9/30/08 0:05
7,3398,8/14/10 15:00
7,3892,9/30/08 0:05
7,3917,9/30/08 0:05
7,3932,9/30/08 0:05
7,4111,4/24/13 1:25
7,4277,9/30/08 0:05
7,4328,9/30/08 0:05
7,4576,9/30/08 0:05
7,4589,3/31/09 5:52
7,4896,9/30/08 0:05
7,5092,1/29/09 18:12
7,5203,9/3/11 13:26
7,6189,9/30/08 0:05
7,6616,9/30/08 0:05
7,7045,9/30/08 0:05
7,7125,9/30/08 0:05
7,7262,9/30/08 0:05
7,7483,9/30/08 0:05
7,7552,9/30/08 0:05
7,7872,9/30/08 0:05
7,8011,5/3/09 3:25
7,8137,9/30/08 0:05
7,8150,9/30/08 0:05
7,8151,9/30/08 0:05
7,8158,2/7/09 19:41
7,8174,9/30/08 0:05
7,8179,9/30/08 0:05
7,8860,9/30/08 0:05
7,8931,9/30/08 0:05
7,9065,9/1/09 14:45
7,9236,9/30/08 0:05
7,9266,9/30/08 0:05
7,9273,9/30/08 0:05
7,10212,4/22/09 22:08
7,11253,9/30/08 0:05
7,11718,9/30/08 0:05
7,11746,4/8/09 15:49
7,11855,9/30/08 0:05
7,11957,9/30/08 0:05
7,12092,9/30/08 0:05
7,12949,10/18/08 19:56
7,13159,9/30/08 0:05
7,13369,1/17/09 19:14
7,13414,7/2/09 23:20
7,14016,9/30/08 0:05
7,14113,9/30/08 0:05
7,14175,9/30/08 0:05
7,14759,9/30/08 0:05
7,15797,11/11/08 4:31
7,16484,9/30/08 0:05
7,16681,9/30/08 0:05
7,17051,9/30/08 0:05
7,17391,9/30/08 0:05
7,17465,1/21/09 13:02
7,17759,9/30/08 0:05
7,17760,2/1/09 14:20
7,17841,12/30/08 4:04
7,18070,9/30/08 0:05
7,18157,9/30/08 0:05
7,18395,9/30/08 0:05
7,18730,2/18/09 19:25
7,18735,9/30/08 0:05
7,18849,9/30/08 0:05
7,19036,9/30/08 0:05
7,19639,9/30/08 0:05
7,20655,9/30/08 0:05
7,22152,12/19/08 4:07
7,22233,11/11/08 20:00
7,22907,12/16/08 14:09
7,24562,9/30/08 0:05
7,24690,9/30/08 0:05
7,24765,10/23/08 21:14
7,25407,9/30/08 0:05
7,25984,9/30/08 0:05
7,26154,9/30/08 0:05
7,26392,9/30/08 0:05
7,26393,9/30/08 0:05
7,26394,9/30/08 0:05
7,26395,9/30/08 0:05
7,26816,10/7/08 20:20
7,27387,9/30/08 0:05
7,28815,9/30/08 0:05
7,29097,9/30/08 0:05
7,29235,9/30/08 0:05
7,31887,9/30/08 0:05
7,31909,9/30/08 0:05
7,31977,4/1/09 3:41
7,32873,9/30/08 0:05
7,33124,9/30/08 0:05
7,34180,9/30/08 0:05
7,34474,9/30/08 0:05
7,34490,9/30/08 0:05
7,34627,9/30/08 0:05
7,35838,9/30/08 0:05
7,36368,9/30/08 0:05
7,37790,2/8/09 12:41
7,37827,9/30/08 0:05
7,38766,10/13/08 19:19
7,39157,1/11/09 11:20
7,40011,9/30/08 0:05
7,40039,9/30/08 0:05
7,41435,10/16/09 6:15
7,41811,9/30/08 0:05
7,43461,1/28/09 17:53
7,43538,3/28/09 3:50
7,43619,2/12/09 2:28
7,44210,10/18/12 1:17
7,44278,2/16/10 2:44
7,44283,9/30/08 0:05
7,44517,9/30/08 0:05
7,46607,2/17/09 16:30
7,46815,9/30/08 0:05
7,46899,9/30/08 0:05
7,47124,9/30/08 0:05
7,47350,5/11/09 21:01
7,47853,6/1/10 22:44
7,50627,11/27/08 16:49
7,50695,1/5/09 1:45
7,50710,9/30/08 0:05
7,50765,2/25/10 2:48
7,50844,9/30/08 0:05
7,52402,9/30/08 0:05
7,52487,9/30/08 0:05
7,55295,9/30/08 0:05
7,55303,9/9/09 15:49
7,55537,9/30/08 0:05
7,59185,9/30/08 0:05
7,59216,9/30/08 0:05
7,60500,4/17/12 18:20
7,61125,9/30/08 0:05
7,63453,1/29/10 2:07
7,63964,9/30/08 0:05
7,64877,6/14/09 9:21
7,65769,9/30/08 0:05
7,66154,12/19/08 11:47
7,66894,10/2/08 15:46
7,67191,11/26/09 5:20
7,67282,1/27/09 11:09
7,69449,11/4/09 12:58
7,73915,2/17/09 20:11
7,75725,9/30/08 0:05
7,84411,3/31/09 2:22
7,85205,9/30/08 0:05
7,85206,9/30/08 0:05
7,85208,1/16/09 12:54
7,85219,4/16/09 4:54
7,85672,10/17/08 5:35
7,87336,9/30/08 0:05
7,89925,3/29/12 0:32
7,92602,10/16/09 6:07
7,93375,9/30/08 0:05
7,93847,1/4/09 12:23
7,94359,4/23/09 3:10
7,96498,6/24/09 20:59
7,97630,1/26/09 7:09
7,98023,6/14/09 8:43
7,98829,9/30/08 0:05
7,98830,9/30/08 0:05
7,99022,9/30/08 0:05
7,99260,9/30/08 0:05
7,101125,12/12/08 8:02
7,101914,3/7/09 2:40
7,105399,1/27/12 3:43
7,107177,1/12/09 7:08
7,107225,3/4/09 4:05
7,108371,12/15/09 9:31
7,111896,9/30/08 0:05
7,111946,3/12/09 0:14
7,112234,3/3/09 3:37
7,120162,12/17/08 23:23
7,124905,2/28/09 11:15
7,126283,6/9/11 12:57
7,129322,10/24/08 0:25
7,129326,11/10/08 17:10
7,129903,4/8/10 5:19
7,130890,11/14/08 13:13
7,132095,9/30/08 0:05
7,145131,3/24/09 7:16
7,145169,9/30/08 0:05
7,152783,9/30/08 0:05
7,155854,9/30/08 0:05
7,158443,2/2/09 18:08
7,158450,11/8/09 7:03
7,158451,4/22/09 14:50
7,158515,1/22/09 6:25
7,158520,3/27/09 11:12
7,158983,9/30/08 0:05
7,159445,9/30/08 0:05
7,159458,9/30/08 0:05
7,160496,9/30/08 0:05
7,162311,9/30/08 0:05
7,164708,4/18/09 3:21
7,172669,9/30/08 0:05
7,180176,9/30/08 0:05
7,190805,9/30/08 0:05
7,193956,3/22/09 11:40
7,196068,9/30/08 0:05
7,198955,9/30/08 0:05
7,199008,9/28/09 21:18
7,217422,9/30/08 0:05
7,235972,2/21/10 13:45
7,236057,11/14/08 22:41
7,236405,9/30/08 0:05
7,239113,9/30/08 0:05
7,240929,12/9/09 15:17
7,243159,9/30/08 0:05
7,243161,9/30/08 0:05
7,255201,6/2/09 10:35
7,255329,9/30/08 0:05
7,257109,2/20/09 6:34
7,258023,4/18/11 20:18
7,272011,5/26/09 8:27
7,278916,9/30/08 0:05
7,281899,9/30/08 0:05
7,281900,9/30/08 0:05
7,290580,9/30/08 0:05
7,291630,7/1/09 1:03
7,321245,2/22/09 15:52
7,321860,9/30/08 0:05
7,325643,3/18/09 10:51
7,407905,1/8/10 3:04
7,439106,12/8/08 2:26
7,464537,9/30/08 0:05
7,489590,5/15/09 8:04
7,724075,8/24/09 7:03
7,724076,8/22/10 3:51
7,877726,12/18/08 2:30
7,1530257,10/13/08 19:19
7,1560291,4/14/11 20:38
7,2555932,11/4/09 12:58
7,4548890,3/7/09 2:40
7,7305406,1/26/10 12:58
7,10002754,9/30/08 0:05
7,34139504,12/15/09 10:31
8,4997,3/26/10 4:57
8,20784,3/26/10 4:57
8,48868,3/26/10 4:57
8,63692,6/21/12 6:50
8,68901,7/3/12 5:36
8,104836,4/13/12 13:11
8,108671,3/26/10 4:57
8,158833,3/26/10 4:57
8,238574,5/17/13 7:05
8,320998,3/26/10 4:57
8,439133,4/18/11 11:19
8,786326,7/14/13 17:06
8,887041,10/13/13 7:13
8,987413,7/17/12 7:18
8,1694071,4/18/11 11:19
8,2043337,6/5/13 12:37
8,3631226,10/11/11 9:03
8,5894945,8/7/12 13:10
9,303,4/3/09 1:34
9,2092,9/2/12 19:19
9,3892,4/11/12 20:29
9,5203,9/3/11 13:26
9,5631,7/6/09 22:13
9,13134,11/3/08 12:13
9,17100,11/12/08 11:42
9,17781,12/17/08 20:09
9,20501,11/3/08 12:13
9,22234,11/27/08 3:42
9,24029,11/3/08 12:13
9,25697,11/3/08 12:13
9,26392,11/3/08 12:13
9,33016,11/3/08 12:13
9,33608,2/20/09 9:13
9,42026,7/3/12 18:33
9,42189,5/8/09 23:19
9,48021,11/3/08 12:13
9,49427,11/21/10 14:00
9,78627,9/2/09 13:09
9,101006,3/13/09 2:21
9,105091,1/12/10 11:33
9,143988,1/5/10 23:47
9,155827,2/24/10 20:29
9,164448,3/31/09 7:47
9,166852,7/22/09 14:06
9,166853,1/5/10 11:12
9,166862,1/8/10 13:51
9,166865,2/28/10 12:29
9,166869,1/19/10 13:31
9,167491,5/17/13 4:55
9,198998,11/3/08 12:13
9,200724,11/21/09 21:21
9,200738,1/7/10 9:15
9,208817,8/23/10 23:00
9,210107,10/1/09 20:48
9,210740,4/8/09 19:17
9,234719,6/29/12 9:13
9,235748,9/11/10 10:22
9,346459,4/6/11 6:36
9,375801,11/3/08 12:13
9,377446,2/1/12 22:32
9,395321,9/28/10 1:05
9,448325,3/30/13 7:36
9,455246,3/29/10 4:49
9,473856,11/3/08 12:13
9,667997,1/13/10 12:08
9,719927,2/25/10 12:54
9,733847,8/17/13 0:19
9,845194,8/23/12 11:02
9,1163257,7/12/10 6:41
9,1624221,9/24/13 6:54
9,2435925,8/22/13 23:51
9,2951594,9/28/10 1:05
9,32857539,2/28/10 13:29
10,129,2/5/09 21:24
10,465,2/5/09 21:24
10,784,7/17/13 12:01
10,856,11/4/09 16:53
10,963,5/13/10 18:10
10,992,6/29/10 11:49
10,995,2/5/09 21:24
10,1003,3/26/11 19:04
10,1063,2/5/09 21:24
10,1199,2/5/09 21:24
10,1651,2/5/09 21:24
10,1736,5/2/10 20:59
10,1740,2/5/09 21:24
10,1831,4/29/10 3:42
10,1900,4/27/12 9:57
10,2041,2/5/09 21:24
10,2074,6/24/10 2:39
10,2122,2/5/09 21:24
10,2198,4/30/13 21:18
10,2318,12/8/12 16:01
10,2427,2/5/09 21:24
10,2468,7/24/09 7:50
10,2532,6/19/09 14:54
10,2567,2/21/13 9:07
10,2723,2/5/09 21:24
10,2808,10/7/09 2:21
10,2823,2/5/09 21:24
10,3080,5/27/09 20:47
10,3096,2/5/09 21:24
10,3142,1/9/10 13:49
10,3168,2/25/13 6:52
10,3448,5/17/13 8:59
10,3871,12/20/09 21:57
10,4130,4/28/13 14:00
10,4509,2/5/09 21:24
10,4567,5/24/12 9:42
10,4796,2/5/09 21:24
10,4810,5/1/13 10:42
10,5064,2/5/09 21:24
10,5260,3/21/09 21:29
10,5993,12/21/09 0:17
10,6084,2/3/11 13:55
10,6221,2/5/09 21:24
10,6240,1/18/12 10:00
10,6400,4/7/09 4:11
10,6408,2/15/09 7:24
10,6535,2/5/09 21:24
10,7659,10/22/09 11:37
10,7684,6/11/09 20:06
10,7780,12/20/12 11:07
10,8209,11/12/10 22:36
10,8251,1/26/12 15:24
10,8267,2/5/09 21:24
10,8286,2/5/09 21:24
10,8736,1/3/12 12:55
10,8961,4/24/09 9:30
10,9273,2/5/09 21:24
10,9285,2/18/13 10:57
10,9326,2/5/09 21:24
10,9483,10/1/13 15:07
10,9777,1/3/10 21:53
10,9779,2/14/11 14:26
10,9918,3/22/13 11:52
10,9930,2/5/09 21:24
10,9961,8/18/10 0:32
10,10044,2/5/09 21:24
10,10227,9/1/09 4:06
10,10488,2/5/09 21:24
10,10674,2/5/09 21:24
10,10689,2/5/09 21:24
10,11869,2/20/13 17:01
10,12371,2/22/13 4:48
10,12821,9/27/12 19:42
10,13395,2/5/09 21:24
10,13524,12/13/11 14:45
10,13690,2/5/09 21:24
10,13721,5/29/11 7:53
10,13824,4/27/12 9:56
10,13839,5/16/12 20:11
10,14113,2/5/09 21:24
10,14508,12/29/11 20:06
10,14771,2/5/09 21:24
10,14922,3/24/12 9:15
10,15030,2/5/09 21:24
10,16042,2/5/09 21:24
10,16110,2/5/09 21:24
10,16162,8/16/11 12:58
10,17141,2/5/09 21:24
10,17358,7/16/12 11:29
10,17413,11/6/10 20:11
10,17717,11/8/09 5:56
10,17845,2/22/13 14:50
10,17857,2/5/09 21:24
10,18042,9/12/13 7:54
10,18556,11/28/10 0:05
10,18635,2/16/13 16:32
10,18686,2/5/09 21:24
10,18719,3/27/10 17:04
10,18741,5/29/10 19:38
10,20191,2/5/09 21:24