79607,viml,367,10/9/15 20:51
58021,c,43562612,10/9/15 20:51
935276,perl,2291,10/9/15 20:51
58021,php,25023586,10/9/15 20:51
58021,c++,1268014,10/9/15 20:51
58021,objective-c,711164,10/9/15 20:51
58021,shell,293443,10/9/15 20:51
1982683,javascript,333654,10/9/15 20:51
58021,javascript,92321,10/9/15 20:51
58021,perl,10643,10/9/15 20:51
58021,d,2194,10/9/15 20:51
350058,haskell,72350,10/9/15 20:51
350058,shell,7055,10/9/15 20:51
350058,julia,547,10/9/15 20:51
350058,python,388,10/9/15 20:51
361289,c,373646,10/9/15 20:51
361289,php,124494,10/9/15 20:51
361289,shell,2049,10/9/15 20:51
1473442,python,432495,10/9/15 20:51
1473442,shell,315,10/9/15 20:51
317465,viml,2840,10/9/15 20:51
987959,common lisp,43715,10/9/15 20:51
211782,viml,1027,10/9/15 20:51
1758170,viml,8481,10/9/15 20:51
1452086,javascript,1281599,10/9/15 20:51
1452086,shell,6432,10/9/15 20:51
2006244,viml,11836,10/9/15 20:51
79676,viml,7542,10/9/15 20:51
3088591,c,5735,10/9/15 20:51
3088591,makefile,274,10/9/15 20:51
3549255,shell,537,10/9/15 20:51
6929106,python,36291,10/9/15 20:51
6929106,shell,51,10/9/15 20:51
12779223,python,19081,10/9/15 20:51
21383251,racket,32477,10/9/15 20:51
14814474,css,25021,10/9/15 20:51
14814474,javascript,3504,10/9/15 20:51
14814474,ruby,906,10/9/15 20:51
14547434,c,163632,10/9/15 20:51
14547434,c++,17580,10/9/15 20:51
21382359,python,55699,10/9/15 20:51
24328932,haskell,1687797,10/9/15 20:51
24328932,shell,12616,10/9/15 20:51
24328932,c,4413,10/9/15 20:51
24328932,r,316,10/9/15 20:51
16540913,php,3540,10/9/15 20:51
14814190,css,256,10/9/15 20:51
18514039,smalltalk,6841,10/9/15 20:51
18514039,c#,2061,10/9/15 20:51
16689828,coffeescript,39386,10/9/15 20:51
16244377,coffeescript,7875,10/9/15 20:51
15196979,coffeescript,2483,10/9/15 20:51
18854120,coffeescript,52927,10/9/15 20:51
18854120,d,7539,10/9/15 20:51
18854120,css,241,10/9/15 20:51
19314583,javascript,89551,10/9/15 20:51
19314583,c#,40711,10/9/15 20:51
19314583,livescript,23427,10/9/15 20:51
21701004,c++,338263,10/9/15 20:51
21701004,lua,217648,10/9/15 20:51
21701004,perl,193172,10/9/15 20:51
21701004,perl6,123614,10/9/15 20:51
21701004,c,48110,10/9/15 20:51
21701004,makefile,14509,10/9/15 20:51
21701004,turing,199,10/9/15 20:51
21701004,batchfile,121,10/9/15 20:51
26304329,c,31618,10/9/15 20:51
26304329,c++,19548,10/9/15 20:51
12461822,javascript,13847,10/9/15 20:51
12461822,php,6017,10/9/15 20:51
12461822,css,4479,10/9/15 20:51
12453362,python,1722089,10/9/15 20:51
12453362,html,983882,10/9/15 20:51
12453362,php,372354,10/9/15 20:51
12453362,css,10131,10/9/15 20:51
12453362,sourcepawn,6183,10/9/15 20:51
12453362,javascript,4090,10/9/15 20:51
12453362,shell,269,10/9/15 20:51
12453362,apacheconf,145,10/9/15 20:51
20080198,javascript,12362,10/9/15 20:51
15087356,java,68,10/9/15 20:51
20660009,css,27185,10/9/15 20:51
20660009,javascript,9776,10/9/15 20:51
20660009,html,5231,10/9/15 20:51
16007309,css,157540,10/9/15 20:51
16007309,javascript,22572,10/9/15 20:51
16007309,html,15926,10/9/15 20:51
16007309,python,6339,10/9/15 20:51
16007309,shell,469,10/9/15 20:51
12875214,python,8461,10/9/15 20:51
14474255,python,82445,10/9/15 20:51
14474255,shell,46489,10/9/15 20:51
14474255,javascript,13187,10/9/15 20:51
9516393,css,125235,10/9/15 20:51
9516393,javascript,50498,10/9/15 20:51
5948676,javascript,35995,10/9/15 20:51
5882350,javascript,21698,10/9/15 20:51
5882350,css,2749,10/9/15 20:51
11686872,java,4548,10/9/15 20:51
11686872,groovy,907,10/9/15 20:51
11806181,java,5362,10/9/15 20:51
11806181,groovy,773,10/9/15 20:51
16348054,javascript,25763,10/9/15 20:51
16348054,apacheconf,24277,10/9/15 20:51
16348054,php,12946,10/9/15 20:51
16348054,html,9819,10/9/15 20:51
16348054,css,465,10/9/15 20:51
12617293,java,12619,10/9/15 20:51
18145371,javascript,25763,10/9/15 20:51
18145371,apacheconf,24277,10/9/15 20:51
18145371,php,12946,10/9/15 20:51
18145371,html,9819,10/9/15 20:51
18145371,css,465,10/9/15 20:51
26888437,html,93259,10/9/15 20:51
26888437,ruby,46,10/9/15 20:51
13496571,python,428090,10/9/15 20:51
13403091,ruby,38940,10/9/15 20:51
22068871,python,18250,10/9/15 20:51
13496571,objective-c,194460,10/9/15 20:51
13403091,html,4246,10/9/15 20:51
22068871,shell,163,10/9/15 20:51
13496571,c,59329,10/9/15 20:51
13403091,javascript,599,10/9/15 20:51
13496571,c++,38182,10/9/15 20:51
13403091,css,546,10/9/15 20:51
13496571,d,3759,10/9/15 20:51
13496571,css,860,10/9/15 20:51
7400375,java,1033066,10/9/15 20:51
7398848,java,208198,10/9/15 20:51
8110714,java,909080,10/9/15 20:51
9406919,c,20015546,10/9/15 20:51
9406919,c++,958871,10/9/15 20:51
9406919,objective-c,225281,10/9/15 20:51
9406919,shell,188339,10/9/15 20:51
9406919,assembly,84610,10/9/15 20:51
9406919,haxe,80370,10/9/15 20:51
9406919,groff,30721,10/9/15 20:51
9406919,python,21588,10/9/15 20:51
9406919,sas,13756,10/9/15 20:51
9406919,makefile,10322,10/9/15 20:51
9406919,m,10054,10/9/15 20:51
9406919,html,7869,10/9/15 20:51
9406919,r,4069,10/9/15 20:51
9406919,logos,3432,10/9/15 20:51
9406919,smalltalk,2661,10/9/15 20:51
9406919,apacheconf,1788,10/9/15 20:51
9406919,perl,971,10/9/15 20:51
9406919,rebol,406,10/9/15 20:51
14744018,css,5852,10/9/15 20:51
19187894,java,2841370,10/9/15 20:51
19187894,gap,95305,10/9/15 20:51
19187894,ragel in ruby host,16584,10/9/15 20:51
19187894,shell,4917,10/9/15 20:51
19187894,c,3237,10/9/15 20:51
19187894,makefile,1772,10/9/15 20:51
21860214,python,10264,10/9/15 20:51
13871584,lua,676944,10/9/15 20:51
13871584,logos,673827,10/9/15 20:51
14683316,css,27695,10/9/15 20:51
18069165,c++,3422,10/9/15 20:51
15841107,css,9,10/9/15 20:51
15841107,javascript,5,10/9/15 20:51
14343231,logos,695051,10/9/15 20:51
14343231,lua,207301,10/9/15 20:51
16139365,javascript,26831,10/9/15 20:51
16139365,css,2827,10/9/15 20:51
15862623,c#,26957,10/9/15 20:51
15862399,css,104005,10/9/15 20:51
15862399,php,23631,10/9/15 20:51
25255108,html,396552,10/9/15 20:51
25255108,css,178902,10/9/15 20:51
25255108,javascript,78047,10/9/15 20:51
25255108,php,63648,10/9/15 20:51
15261032,python,1244301,10/9/15 20:51
15261032,css,119154,10/9/15 20:51
15261032,javascript,2998,10/9/15 20:51
15261032,c,1070,10/9/15 20:51
15261032,shell,90,10/9/15 20:51
16055785,java,520716,10/9/15 20:51
16944498,java,854991,10/9/15 20:51
16944498,ruby,139149,10/9/15 20:51
16354833,python,13554,10/9/15 20:51
26540082,php,11317,10/9/15 20:51
15836680,powershell,1851,10/9/15 20:51
14514868,javascript,71,10/9/15 20:51
24928826,objective-c,34132,10/9/15 20:51
24928826,swift,33803,10/9/15 20:51
24928826,c,7374,10/9/15 20:51
24928826,ruby,203,10/9/15 20:51
24907790,javascript,597559,10/9/15 20:51
24907790,python,8098,10/9/15 20:51
24907790,shell,2294,10/9/15 20:51
24928841,python,36707,10/9/15 20:51
24928841,batchfile,44,10/9/15 20:51
24928850,coffeescript,34398,10/9/15 20:51
24928850,javascript,4126,10/9/15 20:51
26154010,c,134598,10/9/15 20:51
26154010,shell,4364,10/9/15 20:51
26154010,c++,2990,10/9/15 20:51
26154010,makefile,1663,10/9/15 20:51
24928903,c#,54247,10/9/15 20:51
27369282,javascript,7332,10/9/15 20:52
27369282,html,5586,10/9/15 20:52
27369282,css,716,10/9/15 20:52
27369282,coffeescript,466,10/9/15 20:52
17597609,c#,90001,10/9/15 20:52
3071212,c,7435906,10/9/15 20:52
3071212,assembly,950293,10/9/15 20:52
3071212,c++,843071,10/9/15 20:52
3071212,python,151727,10/9/15 20:52
3071212,objective-c,16433,10/9/15 20:52
3071212,java,7438,10/9/15 20:52
3097760,c++,3079,10/9/15 20:52
3097760,python,2903,10/9/15 20:52
3097760,c,1854,10/9/15 20:52
3093486,c++,7702784,10/9/15 20:52
3093486,c,978153,10/9/15 20:52
3093486,python,142770,10/9/15 20:52
3093486,assembly,86551,10/9/15 20:52
3093486,objective-c,11683,10/9/15 20:52
3093486,java,3416,10/9/15 20:52
3109615,c,9041225,10/9/15 20:52
3109615,c++,42240,10/9/15 20:52
3334709,c,2842974,10/9/15 20:52
3334709,c++,26360,10/9/15 20:52
3334709,awk,13522,10/9/15 20:52
3334709,shell,10204,10/9/15 20:52
3334709,perl,5380,10/9/15 20:52
3334709,objective-c,1369,10/9/15 20:52
3334709,python,627,10/9/15 20:52
3334709,scilab,554,10/9/15 20:52
3142930,c++,54016095,10/9/15 20:52
3142930,javascript,19592626,10/9/15 20:52
3142930,c,6457246,10/9/15 20:52
3142930,objective-c,5726812,10/9/15 20:52
3142930,python,3350319,10/9/15 20:52
3142930,perl,1659675,10/9/15 20:52
3142930,css,282645,10/9/15 20:52
3142930,prolog,213178,10/9/15 20:52
3142930,shell,117738,10/9/15 20:52
3142930,ruby,78743,10/9/15 20:52
3142930,assembly,38649,10/9/15 20:52
3142930,php,17224,10/9/15 20:52
3142930,java,4882,10/9/15 20:52
3142930,awk,2800,10/9/15 20:52
3142930,d,1931,10/9/15 20:52
3142930,r,290,10/9/15 20:52
3315025,java,1508755,10/9/15 20:52
3470658,c,7776599,10/9/15 20:52
3470658,c++,150753,10/9/15 20:52
3470658,python,58661,10/9/15 20:52
3470658,typescript,45459,10/9/15 20:52
3470658,objective-c,9199,10/9/15 20:52
3470658,shell,5870,10/9/15 20:52
3470658,perl,1575,10/9/15 20:52
3470658,prolog,1443,10/9/15 20:52
3387596,typescript,12540164,10/9/15 20:52
3387596,c,4344664,10/9/15 20:52
3387596,java,640583,10/9/15 20:52
3387596,c++,494163,10/9/15 20:52
3387596,python,268313,10/9/15 20:52
3387596,assembly,39244,10/9/15 20:52
3387596,shell,29502,10/9/15 20:52
3387596,objective-c,25240,10/9/15 20:52
3387596,emacs lisp,18251,10/9/15 20:52
3387596,perl,11357,10/9/15 20:52
3387596,javascript,7475,10/9/15 20:52
3387596,php,6157,10/9/15 20:52
3490813,c++,420224,10/9/15 20:52
3387596,ruby,2643,10/9/15 20:52
3490813,c,102824,10/9/15 20:52
3490813,objective-c,2308,10/9/15 20:52
3490929,c++,1747763,10/9/15 20:52
3471543,c,2768781,10/9/15 20:52
3490929,c,1227499,10/9/15 20:52
3471543,shell,148914,10/9/15 20:52
3490929,java,33278,10/9/15 20:52
3471543,c++,69481,10/9/15 20:52
3490929,perl,10689,10/9/15 20:52
3471543,awk,8608,10/9/15 20:52
3471543,perl,1616,10/9/15 20:52
3560604,c,11017283,10/9/15 20:52
3560604,perl,1708028,10/9/15 20:52
3560604,assembly,1315096,10/9/15 20:52
3560604,c++,323728,10/9/15 20:52
3560604,prolog,123432,10/9/15 20:52
3560604,shell,49481,10/9/15 20:52
3560604,ec,3710,10/9/15 20:52
3560604,objective-c,2547,10/9/15 20:52
3574495,c,1507324,10/9/15 20:52
3574495,c++,1064455,10/9/15 20:52
3574495,objective-c,18631,10/9/15 20:52
3574495,ruby,9665,10/9/15 20:52
3574495,shell,1629,10/9/15 20:52
3493806,c,78322,10/9/15 20:52
3493806,shell,44584,10/9/15 20:52
3493806,c++,4710,10/9/15 20:52
3493806,python,2799,10/9/15 20:52
3493806,java,1023,10/9/15 20:52
17020953,c#,90001,10/9/15 20:52
3603573,java,46134720,10/9/15 20:52
3603573,c++,6774096,10/9/15 20:52
3603573,c,606789,10/9/15 20:52
3603573,rust,130287,10/9/15 20:52
3603573,c#,111047,10/9/15 20:52
3603573,javascript,63516,10/9/15 20:52
3603573,python,49411,10/9/15 20:52
3603573,css,43786,10/9/15 20:52
3603573,shell,19392,10/9/15 20:52
3603603,c++,3460110,10/9/15 20:52
3603603,c,991268,10/9/15 20:52
3603603,java,232480,10/9/15 20:52
3603603,python,17822,10/9/15 20:52
3603603,shell,8193,10/9/15 20:52
3603603,perl,5913,10/9/15 20:52
3603603,assembly,4617,10/9/15 20:52
3680359,c++,14018660,10/9/15 20:52
3680359,c,9707607,10/9/15 20:52
3680359,assembly,1218838,10/9/15 20:52
3680359,objective-c,393043,10/9/15 20:52
3680359,perl,7262,10/9/15 20:52
3680359,shell,640,10/9/15 20:52
26944168,php,11317,10/9/15 20:52
3810659,c,3200435,10/9/15 20:52
3810659,c++,580210,10/9/15 20:52
3810659,assembly,74396,10/9/15 20:52
3810659,shell,13505,10/9/15 20:52
3810659,objective-c,7035,10/9/15 20:52
3810659,python,5208,10/9/15 20:52
3810659,java,4820,10/9/15 20:52
3681284,c++,564966,10/9/15 20:52
3681284,c,76884,10/9/15 20:52
3681284,objective-c,2308,10/9/15 20:52
3856078,java,923788,10/9/15 20:52
3856078,c++,600029,10/9/15 20:52
3856078,racket,129466,10/9/15 20:52
3856078,c,112403,10/9/15 20:52
3856078,objective-c,42839,10/9/15 20:52
3856078,rust,2024,10/9/15 20:52
3858672,c++,34092133,10/9/15 20:52
3858672,javascript,6039954,10/9/15 20:52
3858672,c,669387,10/9/15 20:52
3858672,python,71051,10/9/15 20:52
3858672,objective-c,56437,10/9/15 20:52
3858672,php,11289,10/9/15 20:52
3899636,c,107987,10/9/15 20:52
3899636,c++,64402,10/9/15 20:52
3899636,shell,8473,10/9/15 20:52
3899636,python,1792,10/9/15 20:52
3951523,c++,100971,10/9/15 20:52
3951523,c,89390,10/9/15 20:52
3951523,shell,5687,10/9/15 20:52
3951523,python,2683,10/9/15 20:52
3983739,c,2331986,10/9/15 20:52
3983739,c++,1547427,10/9/15 20:52
3983739,assembly,33317,10/9/15 20:52
3983739,objective-c,2050,10/9/15 20:52
3991150,c,777097,10/9/15 20:52
3991150,c++,561392,10/9/15 20:52
3991150,python,18747,10/9/15 20:52
3991150,objective-c,8686,10/9/15 20:52
3991150,assembly,4728,10/9/15 20:52
3991150,xslt,4137,10/9/15 20:52
3991150,shell,1009,10/9/15 20:52
4376115,c++,293898,10/9/15 20:52
4376115,c,157602,10/9/15 20:52
4376115,shell,12585,10/9/15 20:52
4376115,perl,10689,10/9/15 20:52
4370390,c,7198,10/9/15 20:52
4370390,shell,93,10/9/15 20:52
4208791,c,399792069,10/9/15 20:52
4208791,assembly,8921830,10/9/15 20:52
4208791,c++,3202481,10/9/15 20:52
4208791,objective-c,1725776,10/9/15 20:52
4208791,perl,451518,10/9/15 20:52
4208791,shell,107066,10/9/15 20:52
4208791,python,60324,10/9/15 20:52
4208791,scilab,21433,10/9/15 20:52
4208791,awk,18679,10/9/15 20:52
4208791,supercollider,12158,10/9/15 20:52
4208791,javascript,6553,10/9/15 20:52
4208791,dot,4873,10/9/15 20:52
4208791,asp,4528,10/9/15 20:52
4208791,viml,1355,10/9/15 20:52
4208791,xslt,445,10/9/15 20:52
4376219,c,8622146,10/9/15 20:52
4376219,c++,1868014,10/9/15 20:52
4376219,shell,497619,10/9/15 20:52
4376219,python,72874,10/9/15 20:52
4376219,ruby,9665,10/9/15 20:52
4376219,java,6397,10/9/15 20:52
4376219,objective-c,4701,10/9/15 20:52
4004626,c++,22266979,10/9/15 20:52
4004626,c,3462696,10/9/15 20:52
4004626,objective-c,3066054,10/9/15 20:52
4004626,python,252720,10/9/15 20:52
4004626,matlab,21617,10/9/15 20:52
4004626,perl,16518,10/9/15 20:52
4004626,emacs lisp,9913,10/9/15 20:52
4004626,m,7195,10/9/15 20:52
4004626,shell,4378,10/9/15 20:52
4004626,racket,2523,10/9/15 20:52
4004626,javascript,474,10/9/15 20:52
4408900,assembly,7058896,10/9/15 20:52
4408900,c++,6824118,10/9/15 20:52
4408900,java,4895444,10/9/15 20:52
4408900,c,454034,10/9/15 20:52
4408900,objective-j,153260,10/9/15 20:52
4408900,javascript,49250,10/9/15 20:52
5429706,shell,3749,10/9/15 20:52
4408900,shell,35660,10/9/15 20:52
4408900,python,33099,10/9/15 20:52
4408900,awk,15195,10/9/15 20:52
4408900,objective-c,9960,10/9/15 20:52
4408900,css,3272,10/9/15 20:52
5487519,c,388929612,10/9/15 20:52
5487519,assembly,8728379,10/9/15 20:52
5487519,c++,3317759,10/9/15 20:52
5487519,objective-c,1556520,10/9/15 20:52
5487519,perl,440805,10/9/15 20:52
5487519,shell,96777,10/9/15 20:52
5487519,python,61656,10/9/15 20:52
5487519,scilab,21433,10/9/15 20:52
5487519,awk,17909,10/9/15 20:52
5487519,javascript,12180,10/9/15 20:52
5487519,supercollider,12158,10/9/15 20:52
5487519,dot,4873,10/9/15 20:52
5487519,asp,4528,10/9/15 20:52
5487519,viml,1355,10/9/15 20:52
5487519,xslt,445,10/9/15 20:52
5535127,c,169265,10/9/15 20:52
5535127,shell,7410,10/9/15 20:52
5535127,python,7352,10/9/15 20:52
5535127,c++,2763,10/9/15 20:52
5546853,c,448698997,10/9/15 20:52
5546853,assembly,8967714,10/9/15 20:52
5546853,c++,4516286,10/9/15 20:52
5546853,objective-c,2477839,10/9/15 20:52
5546853,perl,465055,10/9/15 20:52
5546853,shell,108232,10/9/15 20:52
5546853,python,73232,10/9/15 20:52
5546853,scilab,21433,10/9/15 20:52
5546853,awk,18679,10/9/15 20:52
5546853,supercollider,12158,10/9/15 20:52
5546853,dot,4873,10/9/15 20:52
5546853,asp,4528,10/9/15 20:52
5546853,erlang,3638,10/9/15 20:52
5546853,javascript,1797,10/9/15 20:52
5546853,viml,1355,10/9/15 20:52
5546853,xslt,445,10/9/15 20:52
5584541,java,29403,10/9/15 20:52
5736815,c,9487921,10/9/15 20:52
5736815,c++,5238535,10/9/15 20:52
5736815,python,190296,10/9/15 20:52
5736815,logos,115658,10/9/15 20:52
5736815,objective-c,80070,10/9/15 20:52
5736815,shell,48134,10/9/15 20:52
5736815,perl,35716,10/9/15 20:52
5736815,xc,17159,10/9/15 20:52
5741325,c,7652579,10/9/15 20:52
5741325,assembly,1003187,10/9/15 20:52
5741325,c++,864760,10/9/15 20:52
5741325,python,153144,10/9/15 20:52
5741325,objective-c,16433,10/9/15 20:52
5741325,java,7438,10/9/15 20:52
6160843,c++,100971,10/9/15 20:52
6160843,c,89476,10/9/15 20:52
6160843,shell,6366,10/9/15 20:52
6160843,python,2683,10/9/15 20:52
5987285,c,78322,10/9/15 20:52
5987285,shell,39920,10/9/15 20:52
5987285,c++,4710,10/9/15 20:52
5987285,python,2799,10/9/15 20:52
5987285,java,1023,10/9/15 20:52
5999634,c,448810086,10/9/15 20:52
5999634,assembly,8966843,10/9/15 20:52
5999634,c++,4519634,10/9/15 20:52
5999634,objective-c,2477649,10/9/15 20:52
5999634,perl,465114,10/9/15 20:52
5999634,shell,108230,10/9/15 20:52
5999634,python,73232,10/9/15 20:52
5999634,scilab,21433,10/9/15 20:52
5999634,awk,18679,10/9/15 20:52
5999634,supercollider,12158,10/9/15 20:52
5999634,dot,4873,10/9/15 20:52
5999634,asp,4528,10/9/15 20:52
5999634,erlang,3638,10/9/15 20:52
5999634,javascript,1797,10/9/15 20:52
5999634,viml,1355,10/9/15 20:52
5999634,xslt,445,10/9/15 20:52
6080821,c,447198305,10/9/15 20:52
6080821,assembly,8966843,10/9/15 20:52
6080821,c++,4831694,10/9/15 20:52
6080821,objective-c,2477649,10/9/15 20:52
6080821,perl,465114,10/9/15 20:52
6080821,shell,108230,10/9/15 20:52
6080821,python,73232,10/9/15 20:52
6080821,scilab,21433,10/9/15 20:52
6080821,awk,18679,10/9/15 20:52
6080821,supercollider,12158,10/9/15 20:52
6080821,dot,4873,10/9/15 20:52
6080821,asp,4528,10/9/15 20:52
6080821,erlang,3638,10/9/15 20:52
6080821,javascript,1797,10/9/15 20:52
6080821,viml,1355,10/9/15 20:52
6080821,xslt,445,10/9/15 20:52
14320499,c,5855645,10/9/15 20:52
14320499,java,1773656,10/9/15 20:52
14320499,html,515496,10/9/15 20:52
14320499,groff,203674,10/9/15 20:52
14320499,shell,42849,10/9/15 20:52
14320499,perl,35237,10/9/15 20:52
14320499,makefile,30410,10/9/15 20:52
14320499,yacc,21272,10/9/15 20:52
14320499,assembly,15934,10/9/15 20:52
14320499,lex,10997,10/9/15 20:52
14320499,python,9998,10/9/15 20:52
14320499,awk,4122,10/9/15 20:52
14320499,c#,3915,10/9/15 20:52
14320499,perl6,1219,10/9/15 20:52
14320499,css,755,10/9/15 20:52
16338959,javascript,1092,10/9/15 20:52
18961301,python,10346,10/9/15 20:52
18961301,javascript,5873,10/9/15 20:52
18961301,shell,4718,10/9/15 20:52
18961301,html,1314,10/9/15 20:52
25061470,java,3057286,10/9/15 20:52
25061470,python,10934,10/9/15 20:52
25061470,shell,6136,10/9/15 20:52
18394759,c#,17110,10/9/15 20:52
18394759,javascript,7811,10/9/15 20:52
18394759,haxe,4467,10/9/15 20:52
18394759,html,1240,10/9/15 20:52
4016329,ruby,11681,10/9/15 20:52
4016329,javascript,735,10/9/15 20:52
9329891,scheme,344,10/9/15 20:52
25216100,javascript,94862,10/9/15 20:52
25216100,css,21571,10/9/15 20:52
25216100,html,1584,10/9/15 20:52
4609802,php,79601,10/9/15 20:52
4609802,javascript,4679,10/9/15 20:52
4609802,css,665,10/9/15 20:52
26662027,php,11342,10/9/15 20:52
18089374,python,10346,10/9/15 20:52
18089374,javascript,5873,10/9/15 20:52
18089374,shell,4718,10/9/15 20:52
18089374,html,1314,10/9/15 20:52
25216109,javascript,94862,10/9/15 20:52
25216109,css,21571,10/9/15 20:52
25216109,html,545,10/9/15 20:52
24136400,php,1726898,10/9/15 20:52
24136400,html,5633,10/9/15 20:52
24136400,javascript,746,10/9/15 20:52
24136400,css,405,10/9/15 20:52
24136400,apacheconf,240,10/9/15 20:52
14382636,makefile,8639,10/9/15 20:52
14382814,c++,13619803,10/9/15 20:52
14382814,c,9721282,10/9/15 20:52
14382814,assembly,1218778,10/9/15 20:52
14382814,makefile,107432,10/9/15 20:52
14382814,objective-c,81078,10/9/15 20:52
14382814,perl,7262,10/9/15 20:52
14382814,shell,640,10/9/15 20:52
14382788,c++,4047246,10/9/15 20:52
14382788,c,1088374,10/9/15 20:52
14382788,java,237451,10/9/15 20:52
14382788,makefile,62661,10/9/15 20:52
14382788,python,16843,10/9/15 20:52
14382788,shell,9283,10/9/15 20:52
14382788,assembly,6355,10/9/15 20:52
14382788,perl,5913,10/9/15 20:52
16632413,c,13189,10/9/15 20:52
16632413,php,585,10/9/15 20:52
14382631,c,569159,10/9/15 20:52
14382631,c++,86416,10/9/15 20:52
14382631,java,46866,10/9/15 20:52
14382631,makefile,23475,10/9/15 20:52
14382792,c++,201189,10/9/15 20:52
14382631,shell,5391,10/9/15 20:52
14382631,objective-c,841,10/9/15 20:52
14382792,c,68356,10/9/15 20:52
14382792,makefile,6182,10/9/15 20:52
14382732,shell,89930,10/9/15 20:52
14382732,makefile,13401,10/9/15 20:52
14382795,c,611025,10/9/15 20:52
14382795,c++,55378,10/9/15 20:52
14382795,shell,50551,10/9/15 20:52
14382795,makefile,22117,10/9/15 20:52
14382795,bison,3413,10/9/15 20:52
14382795,python,2898,10/9/15 20:52
13994448,php,8321537,10/9/15 20:52
13994448,css,63379,10/9/15 20:52
13994448,javascript,24590,10/9/15 20:52
13994448,shell,7058,10/9/15 20:52
14382770,c,462674136,10/9/15 20:52
14382770,assembly,9029251,10/9/15 20:52
14382770,c++,6045169,10/9/15 20:52
14382770,objective-c,2116884,10/9/15 20:52
14382770,makefile,1216759,10/9/15 20:52
14382770,perl,528154,10/9/15 20:52
14382770,shell,166932,10/9/15 20:52
14382770,bison,78740,10/9/15 20:52
14382770,python,75029,10/9/15 20:52
14382770,tex,51371,10/9/15 20:52
14382770,awk,22062,10/9/15 20:52
14382770,scilab,21433,10/9/15 20:52
14382770,unrealscript,20838,10/9/15 20:52
14382770,scala,12158,10/9/15 20:52
14382770,asp,4528,10/9/15 20:52
14382770,prolog,3638,10/9/15 20:52
14382770,viml,1355,10/9/15 20:52
14382770,xslt,445,10/9/15 20:52
14382956,c,11576,10/9/15 20:52
14382956,makefile,272,10/9/15 20:52
14382956,shell,251,10/9/15 20:52
14382767,java,51780864,10/9/15 20:52
14382767,c++,6766374,10/9/15 20:52
14382767,makefile,319809,10/9/15 20:52
14382767,c#,293984,10/9/15 20:52
14382767,c,207476,10/9/15 20:52
14382767,rust,130299,10/9/15 20:52
14382767,css,45526,10/9/15 20:52
14382767,shell,19826,10/9/15 20:52
14382767,python,17455,10/9/15 20:52
14382662,makefile,494531,10/9/15 20:52
14382838,c,4801804,10/9/15 20:52
14382662,shell,45093,10/9/15 20:52
14382838,java,638136,10/9/15 20:52
14382662,c,18915,10/9/15 20:52
14382838,c++,483216,10/9/15 20:52
14382662,logos,13808,10/9/15 20:52
14382838,python,268840,10/9/15 20:52
14382662,c++,4890,10/9/15 20:52
14382838,makefile,56184,10/9/15 20:52
14382656,shell,2683,10/9/15 20:52
14382662,python,2799,10/9/15 20:52
14382838,assembly,55584,10/9/15 20:52
14382662,java,1023,10/9/15 20:52
14382838,shell,29430,10/9/15 20:52
14382838,emacs lisp,18251,10/9/15 20:52
14382838,objective-c,12012,10/9/15 20:52
14382838,perl,11357,10/9/15 20:52
14382838,javascript,7475,10/9/15 20:52
14382838,prolog,6157,10/9/15 20:52
14382838,component pascal,3036,10/9/15 20:52
14382838,r,2643,10/9/15 20:52
14382741,java,3938588,10/9/15 20:52
14382741,makefile,3767,10/9/15 20:52
18997511,perl,29651,10/9/15 20:52
19082779,perl,10598,10/9/15 20:52
14388820,c++,1057370,10/9/15 20:52
19082779,shell,1029,10/9/15 20:52
14388820,java,575817,10/9/15 20:52
14388820,rust,322205,10/9/15 20:52
14388820,c,136433,10/9/15 20:52
14388820,assembly,55779,10/9/15 20:52
14388820,makefile,31686,10/9/15 20:52
14388820,shell,2388,10/9/15 20:52
26891059,matlab,7613,10/9/15 20:52
19277590,javascript,34410,10/9/15 20:52
19277590,html,12998,10/9/15 20:52
19277590,css,715,10/9/15 20:52
26890929,vhdl,20153,10/9/15 20:52
14388838,java,1461168,10/9/15 20:52
14388838,makefile,4845,10/9/15 20:52
26889892,perl,16139,10/9/15 20:52
26889892,c++,9319,10/9/15 20:52
26891543,c,19457,10/9/15 20:52
26891543,c++,3507,10/9/15 20:52
4242759,objective-c,720530,10/9/15 20:52
4242759,c,1977,10/9/15 20:52
4242759,javascript,1277,10/9/15 20:52
4242759,shell,144,10/9/15 20:52
7982126,c,711402,10/9/15 20:52
7982126,java,33372,10/9/15 20:52
7982126,perl,20806,10/9/15 20:52
7982126,c#,17275,10/9/15 20:52
7982126,python,13328,10/9/15 20:52
7982126,shell,10060,10/9/15 20:52
7982126,php,4572,10/9/15 20:52
7982126,ruby,4358,10/9/15 20:52
7982126,c++,766,10/9/15 20:52
9697239,c++,164713,10/9/15 20:52
11309521,c,349883,10/9/15 20:52
11309521,php,137787,10/9/15 20:52
11309521,ruby,15635,10/9/15 20:52
11309521,python,7790,10/9/15 20:52
11309521,c++,6384,10/9/15 20:52
11309521,shell,2857,10/9/15 20:52
11357617,c++,601265,10/9/15 20:52
11357617,c,19981,10/9/15 20:52
11357617,python,747,10/9/15 20:52
11357617,shell,166,10/9/15 20:52
13619267,python,403128,10/9/15 20:52
13619267,c,363476,10/9/15 20:52
13619267,shell,14977,10/9/15 20:52
13619267,c++,14033,10/9/15 20:52
13619267,makefile,8925,10/9/15 20:52
13619267,javascript,7659,10/9/15 20:52
13619267,css,2909,10/9/15 20:52
11679717,javascript,1244905,10/9/15 20:52
11679717,css,41816,10/9/15 20:52
11679717,php,25856,10/9/15 20:52
14555374,c,648825,10/9/15 20:52
14555374,perl,31269,10/9/15 20:52
14555374,perl6,1588,10/9/15 20:52
14555374,shell,138,10/9/15 20:52
15695253,c,1114810,10/9/15 20:52
15695253,assembly,338553,10/9/15 20:52
15695253,tex,323102,10/9/15 20:52
15695253,shell,9835,10/9/15 20:52
15695253,c++,9042,10/9/15 20:52
15695253,python,6609,10/9/15 20:52
12998250,c,139597333,10/9/15 20:52
12998250,c++,16424482,10/9/15 20:52
12998250,lua,691900,10/9/15 20:52
12998250,php,268434,10/9/15 20:52
12998250,python,217084,10/9/15 20:52
12998250,objective-c,196601,10/9/15 20:52
12998250,sourcepawn,180105,10/9/15 20:52
15699421,c,248257,10/9/15 20:52
12998250,groff,117091,10/9/15 20:52
15699421,html,12380,10/9/15 20:52
12998250,flux,60297,10/9/15 20:52
15699421,makefile,7117,10/9/15 20:52
12998250,assembly,48974,10/9/15 20:52
15699421,c#,3915,10/9/15 20:52
12998250,html,39640,10/9/15 20:52
15699421,perl6,1219,10/9/15 20:52
12998250,makefile,35393,10/9/15 20:52
12998250,batchfile,5910,10/9/15 20:52
12998250,shell,4319,10/9/15 20:52
12998250,awk,409,10/9/15 20:52
12998250,tex,109,10/9/15 20:52
16116697,c,407037,10/9/15 20:52
16116697,c++,17409,10/9/15 20:52
16116697,makefile,827,10/9/15 20:52
25149354,c++,1756907,10/9/15 20:52
25149354,c,1295043,10/9/15 20:52
25149354,ruby,37460,10/9/15 20:52
25149354,cmake,7958,10/9/15 20:52
25867041,java,2067,10/9/15 20:52
25149354,qmake,5511,10/9/15 20:52
24938246,c,842695,10/9/15 20:52
25284144,html,15427175,10/9/15 20:52
25149354,nsis,3856,10/9/15 20:52
24938246,shell,26244,10/9/15 20:52
25284144,javascript,2523830,10/9/15 20:52
24938246,python,17703,10/9/15 20:52
25149354,batchfile,1579,10/9/15 20:52
25149354,perl,723,10/9/15 20:52
25149354,objective-c,137,10/9/15 20:52
24938246,yacc,14739,10/9/15 20:52
25149354,makefile,91,10/9/15 20:52
25284144,css,881160,10/9/15 20:52
25284144,typescript,39242,10/9/15 20:52
25284144,java,9804,10/9/15 20:52
24938246,ruby,12957,10/9/15 20:52
24938246,lex,8081,10/9/15 20:52
24938246,go,4147,10/9/15 20:52
24938246,c++,2285,10/9/15 20:52
24938246,d,1062,10/9/15 20:52
24938246,rust,281,10/9/15 20:52
24938246,html,239,10/9/15 20:52
22127242,c++,391442,10/9/15 20:52
22127242,c,63641,10/9/15 20:52
24938246,viml,90,10/9/15 20:52
22127242,lua,33833,10/9/15 20:52
22127242,makefile,7425,10/9/15 20:52
23974741,java,1540,10/9/15 20:52
25149498,c,608130,10/9/15 20:52
25149498,makefile,12206,10/9/15 20:52
26020886,c,17615896,10/9/15 20:52
26020886,c++,10939828,10/9/15 20:52
26020886,shell,5812929,10/9/15 20:52
26020886,html,5777137,10/9/15 20:52
26020886,python,4804996,10/9/15 20:52
26020886,common lisp,601541,10/9/15 20:52
26020886,makefile,360698,10/9/15 20:52
26020886,smarty,172490,10/9/15 20:52
26020886,tex,146115,10/9/15 20:52
26020886,objective-c,139703,10/9/15 20:52
26020886,css,127248,10/9/15 20:52
26020886,assembly,104462,10/9/15 20:52
26020886,java,84618,10/9/15 20:52
26020886,groff,65960,10/9/15 20:52
26020886,perl,65308,10/9/15 20:52
26020886,cmake,61202,10/9/15 20:52
7746091,python,74137,10/9/15 20:52
26020886,objective-c++,44812,10/9/15 20:52
7746091,css,39152,10/9/15 20:52
7746091,coffeescript,14853,10/9/15 20:52
26020886,inno setup,28662,10/9/15 20:52
26020886,batchfile,17942,10/9/15 20:52
26020886,pascal,17677,10/9/15 20:52
26020886,m,6242,10/9/15 20:52
26020886,javascript,3140,10/9/15 20:52
26020886,matlab,2467,10/9/15 20:52
26020886,awk,2350,10/9/15 20:52
26020886,module management system,2080,10/9/15 20:52
26020886,sourcepawn,1871,10/9/15 20:52
26020886,qmake,1018,10/9/15 20:52
26020886,prolog,939,10/9/15 20:52
12238073,javascript,2592267,10/9/15 20:52
12238073,css,1859834,10/9/15 20:52
12238073,arduino,8640,10/9/15 20:52
12238073,ruby,3437,10/9/15 20:52
12238073,shell,1009,10/9/15 20:52
15280565,python,4009,10/9/15 20:52
24510139,java,10349,10/9/15 20:52
24508787,java,61290,10/9/15 20:52
24790441,java,11185,10/9/15 20:52
19476553,python,4341,10/9/15 20:52
24803689,java,38897,10/9/15 20:52
11172397,java,2103218,10/9/15 20:52
12870957,java,2326986,10/9/15 20:52
12870957,css,3329,10/9/15 20:52
12870957,shell,1299,10/9/15 20:52
12431794,javascript,64805,10/9/15 20:52
12870957,html,1274,10/9/15 20:52
12431794,css,32511,10/9/15 20:52
12870957,javascript,24,10/9/15 20:52
12047457,java,169551,10/9/15 20:52
4670148,javascript,27529,10/9/15 20:52
9585785,ruby,42258,10/9/15 20:52
9585785,coffeescript,8068,10/9/15 20:52
9585785,css,4364,10/9/15 20:52
9585785,javascript,1787,10/9/15 20:52
9706348,ruby,60599,10/9/15 20:52
9706348,javascript,29063,10/9/15 20:52
9706348,css,5218,10/9/15 20:52
11331552,java,806,10/9/15 20:52
11162131,objective-c,15175,10/9/15 20:52
11331552,ruby,428,10/9/15 20:52
11206111,c++,47246,10/9/15 20:52
11331552,javascript,200,10/9/15 20:52
11206111,c,612,10/9/15 20:52
11456713,c++,5993711,10/9/15 20:52
11456713,c#,1246707,10/9/15 20:52
11456713,python,614917,10/9/15 20:52
11456713,shell,349401,10/9/15 20:52
11456713,cmake,203281,10/9/15 20:52
11456713,javascript,138054,10/9/15 20:52
11456713,html,48098,10/9/15 20:52
11456713,css,45842,10/9/15 20:52
11456713,c,43857,10/9/15 20:52
11456713,visual basic,36710,10/9/15 20:52
11456713,lua,30514,10/9/15 20:52
11456713,protocol buffer,18283,10/9/15 20:52
11456713,ruby,12008,10/9/15 20:52
11456713,batchfile,6569,10/9/15 20:52
11456713,puppet,4860,10/9/15 20:52
11456713,makefile,4555,10/9/15 20:52
11456713,powershell,1663,10/9/15 20:52
11456713,perl,937,10/9/15 20:52
11456713,objective-c,14,10/9/15 20:52
11502704,javascript,6526482,10/9/15 20:52
11502704,html,73832,10/9/15 20:52
11502704,coffeescript,41342,10/9/15 20:52
11502704,css,35569,10/9/15 20:52
11502704,go,3369,10/9/15 20:52
11502704,ruby,3110,10/9/15 20:52
11502704,php,1786,10/9/15 20:52
11502704,python,1374,10/9/15 20:52
11502704,batchfile,1111,10/9/15 20:52
11502704,shell,603,10/9/15 20:52
11502704,makefile,200,10/9/15 20:52
12726014,python,805,10/9/15 20:52
13740405,groovy,16750,10/9/15 20:52
20717651,ruby,29745,10/9/15 20:52
20717651,html,4897,10/9/15 20:52
20717651,css,686,10/9/15 20:52
20717651,javascript,661,10/9/15 20:52
20717651,batchfile,263,10/9/15 20:52
20826025,javascript,10452,10/9/15 20:52
20826025,coffeescript,8392,10/9/15 20:52
20826025,html,3434,10/9/15 20:52
20826025,css,727,10/9/15 20:52
14397969,python,301889,10/9/15 20:52
14397969,shell,4758,10/9/15 20:52
14397969,makefile,4602,10/9/15 20:52
14713361,groovy,11112,10/9/15 20:52
20438113,css,23512,10/9/15 20:52
20438113,html,5699,10/9/15 20:52
14397985,ruby,262940,10/9/15 20:52
20857995,javascript,32087,10/9/15 20:52
20857995,html,240,10/9/15 20:52
20826201,javascript,112101,10/9/15 20:52
20826201,css,54543,10/9/15 20:52
20826201,smarty,1476,10/9/15 20:52
19965067,javascript,2805,10/9/15 20:52
19965067,css,665,10/9/15 20:52
19965067,makefile,635,10/9/15 20:52
19965067,html,330,10/9/15 20:52
20858266,javascript,63851,10/9/15 20:52
20858266,html,3747,10/9/15 20:52
20858266,css,139,10/9/15 20:52
20858332,javascript,35819,10/9/15 20:52
20858332,css,8335,10/9/15 20:52
20858332,html,8130,10/9/15 20:52
13498643,php,2022541,10/9/15 20:52
13498643,css,12430,10/9/15 20:52
13498643,python,11341,10/9/15 20:52
13498643,makefile,4614,10/9/15 20:52
13498643,javascript,1090,10/9/15 20:52
11039461,html,1566,10/9/15 20:52
10994111,python,1115,10/9/15 20:52
19074787,c++,105845,10/9/15 20:52
19074787,java,101736,10/9/15 20:52
19074787,objective-c++,30789,10/9/15 20:52
19074787,c,29031,10/9/15 20:52
19074787,groff,3130,10/9/15 20:52
19074787,makefile,2133,10/9/15 20:52
19074787,shell,1542,10/9/15 20:52
19074787,objective-c,634,10/9/15 20:52
11283471,python,116366,10/9/15 20:52
14274520,shell,1096,10/9/15 20:52
14274520,java,66,10/9/15 20:52
19684896,python,25308,10/9/15 20:52
19684896,html,15886,10/9/15 20:52
18423197,java,1314,10/9/15 20:52
19684896,javascript,2361,10/9/15 20:52
19684896,css,1000,10/9/15 20:52
20286913,shell,2892,10/9/15 20:52
9439946,css,5973,10/9/15 20:52
9439946,javascript,987,10/9/15 20:52
8479603,javascript,228,10/9/15 20:52
19342348,javascript,4258,10/9/15 20:52
19888481,javascript,20993,10/9/15 20:52
19888481,html,1947,10/9/15 20:52
19888481,css,152,10/9/15 20:52
13865840,r,2768,10/9/15 20:52
12901672,r,1264,10/9/15 20:52
14983655,r,3146,10/9/15 20:52
16054889,javascript,2648337,10/9/15 20:52
16054889,css,571813,10/9/15 20:52
16054889,tex,48408,10/9/15 20:52
16054889,r,42512,10/9/15 20:52
16054889,makefile,2143,10/9/15 20:52
16054889,prolog,1848,10/9/15 20:52
16054889,shell,478,10/9/15 20:52
5667282,ruby,52340,10/9/15 20:52
5667282,css,4386,10/9/15 20:52
5667282,coffeescript,979,10/9/15 20:52
5667282,javascript,857,10/9/15 20:52
5712337,ruby,55665,10/9/15 20:52
5712337,java,9483,10/9/15 20:52
9958400,css,282977,10/9/15 20:52
9958400,javascript,100314,10/9/15 20:52
9958400,php,12971,10/9/15 20:52
9958400,autohotkey,12668,10/9/15 20:52
9958400,shell,45,10/9/15 20:52
6313398,css,3011915,10/9/15 20:52
6313398,autohotkey,1483896,10/9/15 20:52
6313398,javascript,1228619,10/9/15 20:52
6313398,html,218570,10/9/15 20:52
6313398,java,19230,10/9/15 20:52
6313398,shell,405,10/9/15 20:52
6313398,crystal,16,10/9/15 20:52
7925197,java,9413,10/9/15 20:52
7925197,shell,77,10/9/15 20:52
7318176,java,391446,10/9/15 20:52
7318176,shell,2026,10/9/15 20:52
6746663,ruby,400460,10/9/15 20:52
6746663,javascript,6450,10/9/15 20:52
6746663,shell,4003,10/9/15 20:52
6746663,css,2871,10/9/15 20:52
10440043,javascript,6981056,10/9/15 20:52
10440043,css,899947,10/9/15 20:52
10440043,ruby,42004,10/9/15 20:52
10440043,html,19805,10/9/15 20:52
10440043,coffeescript,844,10/9/15 20:52
10440043,shell,208,10/9/15 20:52
10533866,autohotkey,1474065,10/9/15 20:52
10533866,css,22978,10/9/15 20:52
10533866,javascript,9383,10/9/15 20:52
10533866,java,2988,10/9/15 20:52
10533866,crystal,16,10/9/15 20:52
10533866,shell,16,10/9/15 20:52
11436761,arduino,35551,10/9/15 20:52
11436761,c,6000,10/9/15 20:52
11436761,java,3475,10/9/15 20:52
11436761,ruby,2977,10/9/15 20:52
11436761,processing,2181,10/9/15 20:52
10617018,javascript,23386,10/9/15 20:52
11138222,css,137923,10/9/15 20:52
10617018,css,6268,10/9/15 20:52
11138222,javascript,2268,10/9/15 20:52
10617018,ruby,2041,10/9/15 20:52
10617018,shell,17,10/9/15 20:52
12446025,java,738864,10/9/15 20:52
12446025,css,287622,10/9/15 20:52
12446025,javascript,264778,10/9/15 20:52
12446025,d,16605,10/9/15 20:52
12446025,shell,11293,10/9/15 20:52
16833668,javascript,4134314,10/9/15 20:52
16833668,css,190061,10/9/15 20:52
16833668,html,67407,10/9/15 20:52
16833668,shell,159,10/9/15 20:52
20282530,python,4257,10/9/15 20:52